2026-01-29 14:18:27,584] [INFO] file=C:\Users\micha\.conda\envs\lare\Lib\site-packages\pywps\app\Service.py line=290 module=Service function=call Request: execute
2026-01-29 14:18:38,659] [INFO] file=C:\Users\micha\.conda\envs\lare\Lib\site-packages\pywps\validator\complexvalidator.py line=194 module=complexvalidator function=validatejson validating JSON; Mode: 0
2026-01-29 14:18:38,663] [INFO] file=C:\Users\micha\.conda\envs\lare\Lib\site-packages\pywps\app\Process.py line=337 module=Process function=clean Removing temporary working directory: C:\develop\lare\tmp\pywps_process_11gbzv2b
2026-01-29 14:29:43,881] [INFO] file=C:\Users\micha\.conda\envs\lare\Lib\site-packages\pywps\app\Service.py line=290 module=Service function=call Request: execute
2026-01-29 14:29:46,759] [INFO] file=C:\Users\micha\.conda\envs\lare\Lib\site-packages\pywps\validator\complexvalidator.py line=194 module=complexvalidator function=validatejson validating JSON; Mode: 0
2026-01-29 14:29:46,763] [INFO] file=C:\Users\micha\.conda\envs\lare\Lib\site-packages\pywps\app\Process.py line=337 module=Process function=clean Removing temporary working directory: C:\develop\lare\tmp\pywps_process__2z6ijkn
2026-02-26 13:53:15,274] [INFO] file=C:\Users\micha\.conda\envs\lare\Lib\site-packages\pywps\app\Service.py line=290 module=Service function=call Request: execute
2026-02-26 13:53:17,050] [INFO] file=C:\Users\micha\.conda\envs\lare\Lib\site-packages\pywps\validator\complexvalidator.py line=194 module=complexvalidator function=validatejson validating JSON; Mode: 0
2026-02-26 13:53:17,054] [INFO] file=C:\Users\micha\.conda\envs\lare\Lib\site-packages\pywps\app\Process.py line=337 module=Process function=clean Removing temporary working directory: C:\develop\lare\tmp\pywps_process_rs39j22n
2026-02-26 13:58:30,830] [INFO] file=C:\Users\micha\.conda\envs\lare\Lib\site-packages\pywps\app\Service.py line=290 module=Service function=call Request: execute
2026-02-26 13:58:31,779] [INFO] file=C:\Users\micha\.conda\envs\lare\Lib\site-packages\pywps\validator\complexvalidator.py line=194 module=complexvalidator function=validatejson validating JSON; Mode: 0
2026-02-26 13:58:31,785] [INFO] file=C:\Users\micha\.conda\envs\lare\Lib\site-packages\pywps\app\Process.py line=337 module=Process function=clean Removing temporary working directory: C:\develop\lare\tmp\pywps_process_8m95rhyb
2026-03-04 17:58:07,213] [INFO] file=C:\Users\micha\.conda\envs\lare\Lib\site-packages\pywps\app\Service.py line=290 module=Service function=call Request: execute
2026-03-04 17:58:07,429] [INFO] file=C:\Users\micha\.conda\envs\lare\Lib\site-packages\pywps\validator\complexvalidator.py line=194 module=complexvalidator function=validatejson validating JSON; Mode: 0
2026-03-04 17:58:07,435] [INFO] file=C:\Users\micha\.conda\envs\lare\Lib\site-packages\pywps\app\Process.py line=337 module=Process function=clean Removing temporary working directory: C:\develop\lare\tmp\pywps_process_jffd1kf6
2026-03-04 17:58:11,977] [INFO] file=C:\Users\micha\.conda\envs\lare\Lib\site-packages\pywps\app\Service.py line=290 module=Service function=call Request: execute
2026-03-04 17:58:12,016] [INFO] file=C:\Users\micha\.conda\envs\lare\Lib\site-packages\pywps\validator\complexvalidator.py line=194 module=complexvalidator function=validatejson validating JSON; Mode: 0
2026-03-04 17:58:12,025] [INFO] file=C:\Users\micha\.conda\envs\lare\Lib\site-packages\pywps\app\Process.py line=337 module=Process function=clean Removing temporary working directory: C:\develop\lare\tmp\pywps_process__l6i50qm
2026-03-04 17:58:39,227] [INFO] file=C:\Users\micha\.conda\envs\lare\Lib\site-packages\pywps\app\Service.py line=290 module=Service function=call Request: execute
2026-03-04 17:58:39,278] [INFO] file=C:\Users\micha\.conda\envs\lare\Lib\site-packages\pywps\validator\complexvalidator.py line=194 module=complexvalidator function=validatejson validating JSON; Mode: 0
2026-03-04 17:58:39,283] [INFO] file=C:\Users\micha\.conda\envs\lare\Lib\site-packages\pywps\app\Process.py line=337 module=Process function=clean Removing temporary working directory: C:\develop\lare\tmp\pywps_process__h1_ursl
2026-03-10 09:50:03,102] [INFO] file=C:\Users\micha\.conda\envs\lare\Lib\site-packages\pywps\app\Service.py line=290 module=Service function=call Request: execute
2026-03-10 09:50:03,332] [INFO] file=C:\Users\micha\.conda\envs\lare\Lib\site-packages\pywps\validator\complexvalidator.py line=194 module=complexvalidator function=validatejson validating JSON; Mode: 0
2026-03-10 09:50:03,336] [INFO] file=C:\Users\micha\.conda\envs\lare\Lib\site-packages\pywps\app\Process.py line=337 module=Process function=clean Removing temporary working directory: C:\develop\lare\tmp\pywps_process_u_1t92cs
2026-03-10 09:50:51,591] [INFO] file=C:\Users\micha\.conda\envs\lare\Lib\site-packages\pywps\app\Service.py line=290 module=Service function=call Request: execute
2026-03-10 09:50:51,606] [INFO] file=C:\Users\micha\.conda\envs\lare\Lib\site-packages\pywps\validator\complexvalidator.py line=194 module=complexvalidator function=validatejson validating JSON; Mode: 0
2026-03-10 09:50:51,609] [INFO] file=C:\Users\micha\.conda\envs\lare\Lib\site-packages\pywps\app\Process.py line=337 module=Process function=clean Removing temporary working directory: C:\develop\lare\tmp\pywps_process_s8m0rmhw
2026-03-10 09:57:09,160] [INFO] file=C:\Users\micha\.conda\envs\lare\Lib\site-packages\pywps\app\Service.py line=290 module=Service function=call Request: execute
2026-03-10 09:57:09,779] [INFO] file=C:\Users\micha\.conda\envs\lare\Lib\site-packages\pywps\validator\complexvalidator.py line=194 module=complexvalidator function=validatejson validating JSON; Mode: 0
2026-03-10 09:57:09,781] [INFO] file=C:\Users\micha\.conda\envs\lare\Lib\site-packages\pywps\app\Process.py line=337 module=Process function=clean Removing temporary working directory: C:\develop\lare\tmp\pywps_process_7ehknzg9
2026-03-10 09:58:54,826] [INFO] file=C:\Users\micha\.conda\envs\lare\Lib\site-packages\pywps\app\Service.py line=290 module=Service function=call Request: execute
2026-03-10 09:58:55,023] [INFO] file=C:\Users\micha\.conda\envs\lare\Lib\site-packages\pywps\validator\complexvalidator.py line=194 module=complexvalidator function=validatejson validating JSON; Mode: 0
2026-03-10 09:58:55,026] [INFO] file=C:\Users\micha\.conda\envs\lare\Lib\site-packages\pywps\app\Process.py line=337 module=Process function=clean Removing temporary working directory: C:\develop\lare\tmp\pywps_process_2edoyz6u
2026-03-10 09:59:39,602] [INFO] file=C:\Users\micha\.conda\envs\lare\Lib\site-packages\pywps\app\Service.py line=290 module=Service function=call Request: execute
2026-03-10 09:59:39,606] [ERROR] file=C:\Users\micha\.conda\envs\lare\Lib\site-packages\pywps\exceptions.py line=47 module=exceptions function=__init__ Exception: code: 500, description: No applicable error code, please check error log., locator: 
Traceback (most recent call last):
  File "C:\Users\micha\.conda\envs\lare\Lib\site-packages\pywps\app\Service.py", line 316, in call
    raise e
  File "C:\Users\micha\.conda\envs\lare\Lib\site-packages\pywps\app\Service.py", line 306, in call
    response = self.execute(
               ^^^^^^^^^^^^^
  File "C:\Users\micha\.conda\envs\lare\Lib\site-packages\pywps\app\Service.py", line 83, in execute
    process = self.prepare_process_for_execution(identifier)
              ^^^^^^^^^^^^^^^^^^^^^^^^^^^^^^^^^^^^^^^^^^^^^^
  File "C:\Users\micha\.conda\envs\lare\Lib\site-packages\pywps\app\Service.py", line 99, in prepare_process_for_execution
    tempdir = tempfile.mkdtemp(prefix='pywps_process_', dir=workdir)
              ^^^^^^^^^^^^^^^^^^^^^^^^^^^^^^^^^^^^^^^^^^^^^^^^^^^^^^
  File "C:\Users\micha\.conda\envs\lare\Lib\tempfile.py", line 385, in mkdtemp
    _os.mkdir(file, 0o700)
FileNotFoundError: [WinError 3] The system cannot find the path specified: 'C:\\develop\\lare\\tmp\\pywps_process_o3k5m_rg'
2026-03-10 10:01:27,698] [INFO] file=C:\Users\micha\.conda\envs\lare\Lib\site-packages\pywps\app\Service.py line=290 module=Service function=call Request: execute
2026-03-10 10:01:27,736] [INFO] file=C:\Users\micha\.conda\envs\lare\Lib\site-packages\pywps\validator\complexvalidator.py line=194 module=complexvalidator function=validatejson validating JSON; Mode: 0
2026-03-10 10:01:27,740] [INFO] file=C:\Users\micha\.conda\envs\lare\Lib\site-packages\pywps\app\Process.py line=337 module=Process function=clean Removing temporary working directory: C:\develop\lare\tmp\pywps_process_fao4jw1s
2026-03-10 10:01:51,784] [INFO] file=C:\Users\micha\.conda\envs\lare\Lib\site-packages\pywps\app\Service.py line=290 module=Service function=call Request: execute
2026-03-10 10:01:52,328] [INFO] file=C:\Users\micha\.conda\envs\lare\Lib\site-packages\pywps\validator\complexvalidator.py line=194 module=complexvalidator function=validatejson validating JSON; Mode: 0
2026-03-10 10:01:52,333] [INFO] file=C:\Users\micha\.conda\envs\lare\Lib\site-packages\pywps\app\Process.py line=337 module=Process function=clean Removing temporary working directory: C:\develop\lare\tmp\pywps_process_x0xfqlzr
2026-03-10 10:12:30,256] [INFO] file=C:\Users\micha\.conda\envs\lare\Lib\site-packages\pywps\app\Service.py line=290 module=Service function=call Request: execute
2026-03-10 10:12:30,296] [ERROR] file=C:\Users\micha\.conda\envs\lare\Lib\site-packages\pywps\app\Service.py line=139 module=Service function=_parse_and_execute Missing parameter value: sessionid
2026-03-10 10:12:30,297] [ERROR] file=C:\Users\micha\.conda\envs\lare\Lib\site-packages\pywps\exceptions.py line=47 module=exceptions function=__init__ Exception: code: 400, description: sessionid, locator: sessionid
NoneType: None
2026-03-10 10:12:45,667] [INFO] file=C:\Users\micha\.conda\envs\lare\Lib\site-packages\pywps\app\Service.py line=290 module=Service function=call Request: execute
2026-03-10 10:12:45,720] [INFO] file=C:\Users\micha\.conda\envs\lare\Lib\site-packages\pywps\validator\complexvalidator.py line=194 module=complexvalidator function=validatejson validating JSON; Mode: 0
2026-03-10 10:12:45,725] [INFO] file=C:\Users\micha\.conda\envs\lare\Lib\site-packages\pywps\app\Process.py line=337 module=Process function=clean Removing temporary working directory: C:\develop\lare\tmp\pywps_process_rkh0x178
2026-03-10 10:12:59,607] [INFO] file=C:\Users\micha\.conda\envs\lare\Lib\site-packages\pywps\app\Service.py line=290 module=Service function=call Request: execute
2026-03-10 10:13:00,107] [INFO] file=C:\Users\micha\.conda\envs\lare\Lib\site-packages\pywps\validator\complexvalidator.py line=194 module=complexvalidator function=validatejson validating JSON; Mode: 0
2026-03-10 10:13:00,109] [INFO] file=C:\Users\micha\.conda\envs\lare\Lib\site-packages\pywps\app\Process.py line=337 module=Process function=clean Removing temporary working directory: C:\develop\lare\tmp\pywps_process_o24kphxl
2026-03-10 13:05:00,066] [INFO] file=C:\Users\micha\.conda\envs\lare\Lib\site-packages\pywps\app\Service.py line=290 module=Service function=call Request: execute
2026-03-10 13:05:00,256] [INFO] file=C:\Users\micha\.conda\envs\lare\Lib\site-packages\pywps\validator\complexvalidator.py line=194 module=complexvalidator function=validatejson validating JSON; Mode: 0
2026-03-10 13:05:00,259] [INFO] file=C:\Users\micha\.conda\envs\lare\Lib\site-packages\pywps\app\Process.py line=337 module=Process function=clean Removing temporary working directory: c:\develop\lare\tmp\pywps_process_564hoffx
2026-03-10 14:29:07,643] [INFO] file=C:\Users\micha\.conda\envs\lare\Lib\site-packages\pywps\app\Service.py line=290 module=Service function=call Request: execute
2026-03-10 14:29:07,756] [INFO] file=C:\Users\micha\.conda\envs\lare\Lib\site-packages\pywps\validator\complexvalidator.py line=194 module=complexvalidator function=validatejson validating JSON; Mode: 0
2026-03-10 14:29:07,765] [INFO] file=C:\Users\micha\.conda\envs\lare\Lib\site-packages\pywps\app\Process.py line=337 module=Process function=clean Removing temporary working directory: c:\develop\lare\tmp\pywps_process_3614_f5a
2026-03-10 14:40:02,309] [INFO] file=C:\Users\micha\.conda\envs\lare\Lib\site-packages\pywps\app\Service.py line=290 module=Service function=call Request: execute
2026-03-10 14:40:02,343] [INFO] file=C:\Users\micha\.conda\envs\lare\Lib\site-packages\pywps\validator\complexvalidator.py line=194 module=complexvalidator function=validatejson validating JSON; Mode: 0
2026-03-10 14:40:02,348] [INFO] file=C:\Users\micha\.conda\envs\lare\Lib\site-packages\pywps\app\Process.py line=337 module=Process function=clean Removing temporary working directory: c:\develop\lare\tmp\pywps_process_tdhcv4y3
2026-03-10 15:17:38,004] [INFO] file=C:\Users\micha\.conda\envs\lare\Lib\site-packages\pywps\app\Service.py line=290 module=Service function=call Request: execute
2026-03-10 15:17:38,056] [INFO] file=C:\Users\micha\.conda\envs\lare\Lib\site-packages\pywps\validator\complexvalidator.py line=194 module=complexvalidator function=validatejson validating JSON; Mode: 0
2026-03-10 15:17:38,062] [INFO] file=C:\Users\micha\.conda\envs\lare\Lib\site-packages\pywps\app\Process.py line=337 module=Process function=clean Removing temporary working directory: c:\develop\lare\tmp\pywps_process_e71l7eq0
2026-03-10 15:50:39,534] [INFO] file=C:\Users\micha\.conda\envs\lare\Lib\site-packages\pywps\app\Service.py line=290 module=Service function=call Request: execute
2026-03-10 15:50:39,582] [INFO] file=C:\Users\micha\.conda\envs\lare\Lib\site-packages\pywps\validator\complexvalidator.py line=194 module=complexvalidator function=validatejson validating JSON; Mode: 0
2026-03-10 15:50:39,592] [INFO] file=C:\Users\micha\.conda\envs\lare\Lib\site-packages\pywps\app\Process.py line=337 module=Process function=clean Removing temporary working directory: c:\develop\lare\tmp\pywps_process_lkiq7gb5
2026-03-10 16:26:32,330] [INFO] file=C:\Users\micha\.conda\envs\lare\Lib\site-packages\pywps\app\Service.py line=290 module=Service function=call Request: execute
2026-03-10 16:26:32,494] [INFO] file=C:\Users\micha\.conda\envs\lare\Lib\site-packages\pywps\validator\complexvalidator.py line=194 module=complexvalidator function=validatejson validating JSON; Mode: 0
2026-03-10 16:26:32,494] [INFO] file=C:\Users\micha\.conda\envs\lare\Lib\site-packages\pywps\app\Process.py line=337 module=Process function=clean Removing temporary working directory: c:\develop\lare\tmp\pywps_process_qbewa_l8
2026-03-11 15:05:13,409] [INFO] file=C:\Users\micha\.conda\envs\lare\Lib\site-packages\pywps\app\Service.py line=290 module=Service function=call Request: execute
2026-03-11 15:05:35,511] [INFO] file=C:\Users\micha\.conda\envs\lare\Lib\site-packages\pywps\validator\complexvalidator.py line=194 module=complexvalidator function=validatejson validating JSON; Mode: 0
2026-03-11 15:05:35,513] [INFO] file=C:\Users\micha\.conda\envs\lare\Lib\site-packages\pywps\app\Process.py line=337 module=Process function=clean Removing temporary working directory: C:\develop\lare\tmp\pywps_process_lon7r_hp
2026-03-11 15:05:46,555] [INFO] file=C:\Users\micha\.conda\envs\lare\Lib\site-packages\pywps\app\Service.py line=290 module=Service function=call Request: execute
2026-03-11 15:05:46,640] [INFO] file=C:\Users\micha\.conda\envs\lare\Lib\site-packages\pywps\validator\complexvalidator.py line=194 module=complexvalidator function=validatejson validating JSON; Mode: 0
2026-03-11 15:05:46,644] [INFO] file=C:\Users\micha\.conda\envs\lare\Lib\site-packages\pywps\app\Process.py line=337 module=Process function=clean Removing temporary working directory: C:\develop\lare\tmp\pywps_process_r07ljo6l
2026-03-11 15:08:17,563] [WARNING] file=C:\Users\micha\.conda\envs\lare\Lib\site-packages\pywps\app\WPSRequest.py line=720 module=WPSRequest function=get_data_from_kvp not enough values to unpack (expected 2, got 1)
2026-03-11 15:08:17,564] [INFO] file=C:\Users\micha\.conda\envs\lare\Lib\site-packages\pywps\app\Service.py line=290 module=Service function=call Request: execute
2026-03-11 15:08:42,115] [INFO] file=C:\Users\micha\.conda\envs\lare\Lib\site-packages\pywps\validator\complexvalidator.py line=194 module=complexvalidator function=validatejson validating JSON; Mode: 0
2026-03-11 15:08:42,118] [INFO] file=C:\Users\micha\.conda\envs\lare\Lib\site-packages\pywps\app\Process.py line=337 module=Process function=clean Removing temporary working directory: C:\develop\lare\tmp\pywps_process_8bb33zu1
2026-03-11 15:27:52,877] [WARNING] file=C:\Users\micha\.conda\envs\lare\Lib\site-packages\pywps\app\WPSRequest.py line=720 module=WPSRequest function=get_data_from_kvp not enough values to unpack (expected 2, got 1)
2026-03-11 15:27:52,878] [INFO] file=C:\Users\micha\.conda\envs\lare\Lib\site-packages\pywps\app\Service.py line=290 module=Service function=call Request: execute
2026-03-11 15:29:29,064] [INFO] file=C:\Users\micha\.conda\envs\lare\Lib\site-packages\pywps\app\Service.py line=290 module=Service function=call Request: execute
2026-03-11 15:29:29,285] [INFO] file=C:\Users\micha\.conda\envs\lare\Lib\site-packages\pywps\validator\complexvalidator.py line=194 module=complexvalidator function=validatejson validating JSON; Mode: 0
2026-03-11 15:29:29,297] [INFO] file=C:\Users\micha\.conda\envs\lare\Lib\site-packages\pywps\app\Process.py line=337 module=Process function=clean Removing temporary working directory: C:\develop\lare\tmp\pywps_process_9g46yb9s
2026-03-11 15:29:44,815] [WARNING] file=C:\Users\micha\.conda\envs\lare\Lib\site-packages\pywps\app\WPSRequest.py line=720 module=WPSRequest function=get_data_from_kvp not enough values to unpack (expected 2, got 1)
2026-03-11 15:29:44,817] [INFO] file=C:\Users\micha\.conda\envs\lare\Lib\site-packages\pywps\app\Service.py line=290 module=Service function=call Request: execute
2026-03-11 15:34:50,768] [INFO] file=C:\Users\micha\.conda\envs\lare\Lib\site-packages\pywps\validator\complexvalidator.py line=194 module=complexvalidator function=validatejson validating JSON; Mode: 0
2026-03-11 15:34:50,773] [INFO] file=C:\Users\micha\.conda\envs\lare\Lib\site-packages\pywps\app\Process.py line=337 module=Process function=clean Removing temporary working directory: C:\develop\lare\tmp\pywps_process_b3g9on_l
2026-03-12 09:53:07,181] [INFO] file=C:\Users\micha\.conda\envs\lare\Lib\site-packages\pywps\app\Service.py line=290 module=Service function=call Request: execute
2026-03-12 09:53:07,486] [INFO] file=C:\Users\micha\.conda\envs\lare\Lib\site-packages\pywps\validator\complexvalidator.py line=194 module=complexvalidator function=validatejson validating JSON; Mode: 0
2026-03-12 09:53:07,489] [INFO] file=C:\Users\micha\.conda\envs\lare\Lib\site-packages\pywps\app\Process.py line=337 module=Process function=clean Removing temporary working directory: C:\develop\lare\tmp\pywps_process_lyri694b
2026-03-12 09:53:41,897] [WARNING] file=C:\Users\micha\.conda\envs\lare\Lib\site-packages\pywps\app\WPSRequest.py line=720 module=WPSRequest function=get_data_from_kvp not enough values to unpack (expected 2, got 1)
2026-03-12 09:53:41,898] [INFO] file=C:\Users\micha\.conda\envs\lare\Lib\site-packages\pywps\app\Service.py line=290 module=Service function=call Request: execute
2026-03-12 09:54:55,011] [WARNING] file=C:\Users\micha\.conda\envs\lare\Lib\site-packages\pywps\app\WPSRequest.py line=720 module=WPSRequest function=get_data_from_kvp not enough values to unpack (expected 2, got 1)
2026-03-12 09:54:55,011] [INFO] file=C:\Users\micha\.conda\envs\lare\Lib\site-packages\pywps\app\Service.py line=290 module=Service function=call Request: execute
2026-03-12 09:54:56,734] [INFO] file=C:\Users\micha\.conda\envs\lare\Lib\site-packages\pywps\validator\complexvalidator.py line=194 module=complexvalidator function=validatejson validating JSON; Mode: 0
2026-03-12 09:54:56,738] [INFO] file=C:\Users\micha\.conda\envs\lare\Lib\site-packages\pywps\app\Process.py line=337 module=Process function=clean Removing temporary working directory: C:\develop\lare\tmp\pywps_process_dgs2enhf
2026-03-12 09:56:51,974] [WARNING] file=C:\Users\micha\.conda\envs\lare\Lib\site-packages\pywps\app\WPSRequest.py line=720 module=WPSRequest function=get_data_from_kvp not enough values to unpack (expected 2, got 1)
2026-03-12 09:56:51,974] [INFO] file=C:\Users\micha\.conda\envs\lare\Lib\site-packages\pywps\app\Service.py line=290 module=Service function=call Request: execute
2026-03-12 09:57:04,168] [INFO] file=C:\Users\micha\.conda\envs\lare\Lib\site-packages\pywps\validator\complexvalidator.py line=194 module=complexvalidator function=validatejson validating JSON; Mode: 0
2026-03-12 09:57:04,171] [INFO] file=C:\Users\micha\.conda\envs\lare\Lib\site-packages\pywps\app\Process.py line=337 module=Process function=clean Removing temporary working directory: C:\develop\lare\tmp\pywps_process_s_8pdx1h
2026-03-12 09:58:00,472] [WARNING] file=C:\Users\micha\.conda\envs\lare\Lib\site-packages\pywps\app\WPSRequest.py line=720 module=WPSRequest function=get_data_from_kvp not enough values to unpack (expected 2, got 1)
2026-03-12 09:58:00,472] [INFO] file=C:\Users\micha\.conda\envs\lare\Lib\site-packages\pywps\app\Service.py line=290 module=Service function=call Request: execute
2026-03-12 09:58:15,053] [INFO] file=C:\Users\micha\.conda\envs\lare\Lib\site-packages\pywps\validator\complexvalidator.py line=194 module=complexvalidator function=validatejson validating JSON; Mode: 0
2026-03-12 09:58:15,055] [INFO] file=C:\Users\micha\.conda\envs\lare\Lib\site-packages\pywps\app\Process.py line=337 module=Process function=clean Removing temporary working directory: C:\develop\lare\tmp\pywps_process_v1qpgvk7
2026-03-12 09:59:07,381] [INFO] file=C:\Users\micha\.conda\envs\lare\Lib\site-packages\pywps\app\Service.py line=290 module=Service function=call Request: execute
2026-03-12 09:59:07,446] [INFO] file=C:\Users\micha\.conda\envs\lare\Lib\site-packages\pywps\validator\complexvalidator.py line=194 module=complexvalidator function=validatejson validating JSON; Mode: 0
2026-03-12 09:59:07,451] [INFO] file=C:\Users\micha\.conda\envs\lare\Lib\site-packages\pywps\app\Process.py line=337 module=Process function=clean Removing temporary working directory: C:\develop\lare\tmp\pywps_process_vm76oujj
2026-03-12 10:00:20,063] [INFO] file=C:\Users\micha\.conda\envs\lare\Lib\site-packages\pywps\app\Service.py line=290 module=Service function=call Request: execute
2026-03-12 10:00:23,543] [INFO] file=C:\Users\micha\.conda\envs\lare\Lib\site-packages\pywps\validator\complexvalidator.py line=194 module=complexvalidator function=validatejson validating JSON; Mode: 0
2026-03-12 10:00:23,546] [INFO] file=C:\Users\micha\.conda\envs\lare\Lib\site-packages\pywps\app\Process.py line=337 module=Process function=clean Removing temporary working directory: C:\develop\lare\tmp\pywps_process_avvgybxr
2026-03-12 10:00:55,074] [INFO] file=C:\Users\micha\.conda\envs\lare\Lib\site-packages\pywps\app\Service.py line=290 module=Service function=call Request: execute
2026-03-12 10:01:10,588] [INFO] file=C:\Users\micha\.conda\envs\lare\Lib\site-packages\pywps\validator\complexvalidator.py line=194 module=complexvalidator function=validatejson validating JSON; Mode: 0
2026-03-12 10:01:10,593] [INFO] file=C:\Users\micha\.conda\envs\lare\Lib\site-packages\pywps\app\Process.py line=337 module=Process function=clean Removing temporary working directory: C:\develop\lare\tmp\pywps_process__lk2__5x
2026-03-12 10:01:32,690] [INFO] file=C:\Users\micha\.conda\envs\lare\Lib\site-packages\pywps\app\Service.py line=290 module=Service function=call Request: execute
2026-03-12 10:10:45,136] [INFO] file=C:\Users\micha\.conda\envs\lare\Lib\site-packages\pywps\app\Service.py line=290 module=Service function=call Request: execute
2026-03-12 10:14:20,942] [INFO] file=C:\Users\micha\.conda\envs\lare\Lib\site-packages\pywps\app\Service.py line=290 module=Service function=call Request: execute
2026-03-12 10:14:52,753] [INFO] file=C:\Users\micha\.conda\envs\lare\Lib\site-packages\pywps\validator\complexvalidator.py line=194 module=complexvalidator function=validatejson validating JSON; Mode: 0
2026-03-12 10:14:52,760] [INFO] file=C:\Users\micha\.conda\envs\lare\Lib\site-packages\pywps\app\Process.py line=337 module=Process function=clean Removing temporary working directory: C:\develop\lare\tmp\pywps_process_hlt3km54
2026-03-12 10:17:56,292] [INFO] file=C:\Users\micha\.conda\envs\lare\Lib\site-packages\pywps\app\Service.py line=290 module=Service function=call Request: execute
2026-03-12 10:18:28,170] [INFO] file=C:\Users\micha\.conda\envs\lare\Lib\site-packages\pywps\validator\complexvalidator.py line=194 module=complexvalidator function=validatejson validating JSON; Mode: 0
2026-03-12 10:18:28,175] [INFO] file=C:\Users\micha\.conda\envs\lare\Lib\site-packages\pywps\app\Process.py line=337 module=Process function=clean Removing temporary working directory: C:\develop\lare\tmp\pywps_process_dfflkxs3
2026-03-12 10:21:25,376] [INFO] file=C:\Users\micha\.conda\envs\lare\Lib\site-packages\pywps\app\Service.py line=290 module=Service function=call Request: execute
2026-03-12 10:23:22,835] [INFO] file=C:\Users\micha\.conda\envs\lare\Lib\site-packages\pywps\app\Service.py line=290 module=Service function=call Request: execute
2026-03-12 10:23:52,962] [INFO] file=C:\Users\micha\.conda\envs\lare\Lib\site-packages\pywps\validator\complexvalidator.py line=194 module=complexvalidator function=validatejson validating JSON; Mode: 0
2026-03-12 10:23:52,964] [INFO] file=C:\Users\micha\.conda\envs\lare\Lib\site-packages\pywps\app\Process.py line=337 module=Process function=clean Removing temporary working directory: C:\develop\lare\tmp\pywps_process_8ws1hchy
2026-03-12 12:59:55,731] [INFO] file=C:\Users\micha\.conda\envs\lare\Lib\site-packages\pywps\app\Service.py line=290 module=Service function=call Request: execute
2026-03-12 12:59:59,624] [INFO] file=C:\Users\micha\.conda\envs\lare\Lib\site-packages\pywps\validator\complexvalidator.py line=194 module=complexvalidator function=validatejson validating JSON; Mode: 0
2026-03-12 12:59:59,628] [INFO] file=C:\Users\micha\.conda\envs\lare\Lib\site-packages\pywps\app\Process.py line=337 module=Process function=clean Removing temporary working directory: C:\develop\lare\tmp\pywps_process_td_qqomj
2026-03-12 13:00:22,509] [INFO] file=C:\Users\micha\.conda\envs\lare\Lib\site-packages\pywps\app\Service.py line=290 module=Service function=call Request: execute
2026-03-12 13:00:41,894] [INFO] file=C:\Users\micha\.conda\envs\lare\Lib\site-packages\pywps\validator\complexvalidator.py line=194 module=complexvalidator function=validatejson validating JSON; Mode: 0
2026-03-12 13:00:41,916] [INFO] file=C:\Users\micha\.conda\envs\lare\Lib\site-packages\pywps\app\Process.py line=337 module=Process function=clean Removing temporary working directory: C:\develop\lare\tmp\pywps_process_z6u9e7bh
2026-03-12 13:05:05,645] [INFO] file=C:\Users\micha\.conda\envs\lare\Lib\site-packages\pywps\app\Service.py line=290 module=Service function=call Request: execute
2026-03-12 13:05:45,082] [INFO] file=C:\Users\micha\.conda\envs\lare\Lib\site-packages\pywps\validator\complexvalidator.py line=194 module=complexvalidator function=validatejson validating JSON; Mode: 0
2026-03-12 13:05:45,084] [INFO] file=C:\Users\micha\.conda\envs\lare\Lib\site-packages\pywps\app\Process.py line=337 module=Process function=clean Removing temporary working directory: C:\develop\lare\tmp\pywps_process_allbnc5j
2026-03-12 13:50:47,851] [INFO] file=C:\Users\micha\.conda\envs\lare\Lib\site-packages\pywps\app\Service.py line=290 module=Service function=call Request: execute
2026-03-12 13:50:48,042] [INFO] file=C:\Users\micha\.conda\envs\lare\Lib\site-packages\pywps\validator\complexvalidator.py line=194 module=complexvalidator function=validatejson validating JSON; Mode: 0
2026-03-12 13:50:48,046] [INFO] file=C:\Users\micha\.conda\envs\lare\Lib\site-packages\pywps\app\Process.py line=337 module=Process function=clean Removing temporary working directory: C:\develop\lare\tmp\pywps_process_n4ada2aw
2026-03-12 13:52:25,340] [INFO] file=C:\Users\micha\.conda\envs\lare\Lib\site-packages\pywps\app\Service.py line=290 module=Service function=call Request: execute
2026-03-12 13:52:25,376] [INFO] file=C:\Users\micha\.conda\envs\lare\Lib\site-packages\pywps\validator\complexvalidator.py line=194 module=complexvalidator function=validatejson validating JSON; Mode: 0
2026-03-12 13:52:25,380] [INFO] file=C:\Users\micha\.conda\envs\lare\Lib\site-packages\pywps\app\Process.py line=337 module=Process function=clean Removing temporary working directory: C:\develop\lare\tmp\pywps_process_aeh0n4ml
2026-03-12 13:52:44,564] [INFO] file=C:\Users\micha\.conda\envs\lare\Lib\site-packages\pywps\app\Service.py line=290 module=Service function=call Request: execute
2026-03-12 13:52:44,616] [INFO] file=C:\Users\micha\.conda\envs\lare\Lib\site-packages\pywps\validator\complexvalidator.py line=194 module=complexvalidator function=validatejson validating JSON; Mode: 0
2026-03-12 13:52:44,618] [INFO] file=C:\Users\micha\.conda\envs\lare\Lib\site-packages\pywps\app\Process.py line=337 module=Process function=clean Removing temporary working directory: C:\develop\lare\tmp\pywps_process_pbcui2ez
2026-03-12 13:53:10,269] [INFO] file=C:\Users\micha\.conda\envs\lare\Lib\site-packages\pywps\app\Service.py line=290 module=Service function=call Request: execute
2026-03-12 13:53:10,383] [INFO] file=C:\Users\micha\.conda\envs\lare\Lib\site-packages\pywps\validator\complexvalidator.py line=194 module=complexvalidator function=validatejson validating JSON; Mode: 0
2026-03-12 13:53:10,386] [INFO] file=C:\Users\micha\.conda\envs\lare\Lib\site-packages\pywps\app\Process.py line=337 module=Process function=clean Removing temporary working directory: C:\develop\lare\tmp\pywps_process_uq6zclgw
2026-03-12 14:05:39,072] [INFO] file=C:\Users\micha\.conda\envs\lare\Lib\site-packages\pywps\app\Service.py line=290 module=Service function=call Request: execute
2026-03-12 14:05:40,338] [INFO] file=C:\Users\micha\.conda\envs\lare\Lib\site-packages\pywps\validator\complexvalidator.py line=194 module=complexvalidator function=validatejson validating JSON; Mode: 0
2026-03-12 14:05:40,341] [INFO] file=C:\Users\micha\.conda\envs\lare\Lib\site-packages\pywps\app\Process.py line=337 module=Process function=clean Removing temporary working directory: C:\develop\lare\tmp\pywps_process_uv32z78_
2026-03-12 14:11:55,047] [INFO] file=C:\Users\micha\.conda\envs\lare\Lib\site-packages\pywps\app\Service.py line=290 module=Service function=call Request: execute
2026-03-12 14:11:56,228] [INFO] file=C:\Users\micha\.conda\envs\lare\Lib\site-packages\pywps\validator\complexvalidator.py line=194 module=complexvalidator function=validatejson validating JSON; Mode: 0
2026-03-12 14:11:56,232] [INFO] file=C:\Users\micha\.conda\envs\lare\Lib\site-packages\pywps\app\Process.py line=337 module=Process function=clean Removing temporary working directory: C:\develop\lare\tmp\pywps_process_lue1npxh
2026-03-12 14:12:12,493] [INFO] file=C:\Users\micha\.conda\envs\lare\Lib\site-packages\pywps\app\Service.py line=290 module=Service function=call Request: execute
2026-03-12 14:12:35,752] [INFO] file=C:\Users\micha\.conda\envs\lare\Lib\site-packages\pywps\app\Service.py line=290 module=Service function=call Request: execute
2026-03-12 14:12:36,740] [INFO] file=C:\Users\micha\.conda\envs\lare\Lib\site-packages\pywps\validator\complexvalidator.py line=194 module=complexvalidator function=validatejson validating JSON; Mode: 0
2026-03-12 14:12:36,744] [INFO] file=C:\Users\micha\.conda\envs\lare\Lib\site-packages\pywps\app\Process.py line=337 module=Process function=clean Removing temporary working directory: C:\develop\lare\tmp\pywps_process_w21ybsd_
2026-03-12 14:20:44,943] [INFO] file=C:\Users\micha\.conda\envs\lare\Lib\site-packages\pywps\app\Service.py line=290 module=Service function=call Request: execute
2026-03-12 14:21:02,014] [INFO] file=C:\Users\micha\.conda\envs\lare\Lib\site-packages\pywps\app\Service.py line=290 module=Service function=call Request: execute
2026-03-12 14:21:03,886] [INFO] file=C:\Users\micha\.conda\envs\lare\Lib\site-packages\pywps\validator\complexvalidator.py line=194 module=complexvalidator function=validatejson validating JSON; Mode: 0
2026-03-12 14:21:03,890] [INFO] file=C:\Users\micha\.conda\envs\lare\Lib\site-packages\pywps\app\Process.py line=337 module=Process function=clean Removing temporary working directory: C:\develop\lare\tmp\pywps_process_k6c7mg_r
2026-03-12 14:22:21,258] [INFO] file=C:\Users\micha\.conda\envs\lare\Lib\site-packages\pywps\app\Service.py line=290 module=Service function=call Request: execute
2026-03-12 14:22:22,788] [INFO] file=C:\Users\micha\.conda\envs\lare\Lib\site-packages\pywps\validator\complexvalidator.py line=194 module=complexvalidator function=validatejson validating JSON; Mode: 0
2026-03-12 14:22:22,792] [INFO] file=C:\Users\micha\.conda\envs\lare\Lib\site-packages\pywps\app\Process.py line=337 module=Process function=clean Removing temporary working directory: C:\develop\lare\tmp\pywps_process_u7pkgvn7
2026-03-12 14:35:57,915] [INFO] file=C:\Users\micha\.conda\envs\lare\Lib\site-packages\pywps\app\Service.py line=290 module=Service function=call Request: execute
2026-03-12 14:35:57,957] [INFO] file=C:\Users\micha\.conda\envs\lare\Lib\site-packages\pywps\validator\complexvalidator.py line=194 module=complexvalidator function=validatejson validating JSON; Mode: 0
2026-03-12 14:35:57,960] [INFO] file=C:\Users\micha\.conda\envs\lare\Lib\site-packages\pywps\app\Process.py line=337 module=Process function=clean Removing temporary working directory: C:\develop\lare\tmp\pywps_process_tal8vwzv
2026-03-12 14:36:09,019] [WARNING] file=C:\Users\micha\.conda\envs\lare\Lib\site-packages\pywps\app\WPSRequest.py line=720 module=WPSRequest function=get_data_from_kvp not enough values to unpack (expected 2, got 1)
2026-03-12 14:36:09,019] [INFO] file=C:\Users\micha\.conda\envs\lare\Lib\site-packages\pywps\app\Service.py line=290 module=Service function=call Request: execute
2026-03-12 14:36:24,114] [INFO] file=C:\Users\micha\.conda\envs\lare\Lib\site-packages\pywps\validator\complexvalidator.py line=194 module=complexvalidator function=validatejson validating JSON; Mode: 0
2026-03-12 14:36:24,118] [INFO] file=C:\Users\micha\.conda\envs\lare\Lib\site-packages\pywps\app\Process.py line=337 module=Process function=clean Removing temporary working directory: C:\develop\lare\tmp\pywps_process_qhl4ahtg
2026-03-12 14:37:00,263] [INFO] file=C:\Users\micha\.conda\envs\lare\Lib\site-packages\pywps\app\Service.py line=290 module=Service function=call Request: execute
2026-03-12 14:38:22,024] [INFO] file=C:\Users\micha\.conda\envs\lare\Lib\site-packages\pywps\app\Service.py line=290 module=Service function=call Request: execute
2026-03-12 14:38:50,732] [INFO] file=C:\Users\micha\.conda\envs\lare\Lib\site-packages\pywps\validator\complexvalidator.py line=194 module=complexvalidator function=validatejson validating JSON; Mode: 0
2026-03-12 14:38:50,736] [INFO] file=C:\Users\micha\.conda\envs\lare\Lib\site-packages\pywps\app\Process.py line=337 module=Process function=clean Removing temporary working directory: C:\develop\lare\tmp\pywps_process_ywkbr_3d
2026-03-12 14:39:07,362] [INFO] file=C:\Users\micha\.conda\envs\lare\Lib\site-packages\pywps\app\Service.py line=290 module=Service function=call Request: execute
2026-03-12 14:39:34,480] [INFO] file=C:\Users\micha\.conda\envs\lare\Lib\site-packages\pywps\app\Service.py line=290 module=Service function=call Request: execute
2026-03-12 14:39:44,009] [INFO] file=C:\Users\micha\.conda\envs\lare\Lib\site-packages\pywps\validator\complexvalidator.py line=194 module=complexvalidator function=validatejson validating JSON; Mode: 0
2026-03-12 14:39:44,012] [INFO] file=C:\Users\micha\.conda\envs\lare\Lib\site-packages\pywps\app\Process.py line=337 module=Process function=clean Removing temporary working directory: C:\develop\lare\tmp\pywps_process_kvlckgal
2026-03-12 14:46:35,487] [INFO] file=C:\Users\micha\.conda\envs\lare\Lib\site-packages\pywps\app\Service.py line=290 module=Service function=call Request: execute
2026-03-12 14:46:37,084] [INFO] file=C:\Users\micha\.conda\envs\lare\Lib\site-packages\pywps\validator\complexvalidator.py line=194 module=complexvalidator function=validatejson validating JSON; Mode: 0
2026-03-12 14:46:37,086] [INFO] file=C:\Users\micha\.conda\envs\lare\Lib\site-packages\pywps\app\Process.py line=337 module=Process function=clean Removing temporary working directory: C:\develop\lare\tmp\pywps_process_jwmc4bqf
2026-03-12 14:47:37,329] [INFO] file=C:\Users\micha\.conda\envs\lare\Lib\site-packages\pywps\app\Service.py line=290 module=Service function=call Request: execute
2026-03-12 14:48:02,381] [INFO] file=C:\Users\micha\.conda\envs\lare\Lib\site-packages\pywps\app\Service.py line=290 module=Service function=call Request: execute
2026-03-12 14:48:11,734] [INFO] file=C:\Users\micha\.conda\envs\lare\Lib\site-packages\pywps\validator\complexvalidator.py line=194 module=complexvalidator function=validatejson validating JSON; Mode: 0
2026-03-12 14:48:11,738] [INFO] file=C:\Users\micha\.conda\envs\lare\Lib\site-packages\pywps\app\Process.py line=337 module=Process function=clean Removing temporary working directory: C:\develop\lare\tmp\pywps_process_qhfltt0l
2026-03-12 15:10:53,062] [INFO] file=C:\Users\micha\.conda\envs\lare\Lib\site-packages\pywps\app\Service.py line=290 module=Service function=call Request: execute
2026-03-12 15:10:53,319] [INFO] file=C:\Users\micha\.conda\envs\lare\Lib\site-packages\pywps\validator\complexvalidator.py line=194 module=complexvalidator function=validatejson validating JSON; Mode: 0
2026-03-12 15:10:53,324] [INFO] file=C:\Users\micha\.conda\envs\lare\Lib\site-packages\pywps\app\Process.py line=337 module=Process function=clean Removing temporary working directory: C:\develop\lare\tmp\pywps_process_xs66jao_
2026-03-12 15:11:13,693] [INFO] file=C:\Users\micha\.conda\envs\lare\Lib\site-packages\pywps\app\Service.py line=290 module=Service function=call Request: execute
2026-03-12 15:11:14,418] [INFO] file=C:\Users\micha\.conda\envs\lare\Lib\site-packages\pywps\validator\complexvalidator.py line=194 module=complexvalidator function=validatejson validating JSON; Mode: 0
2026-03-12 15:11:14,424] [INFO] file=C:\Users\micha\.conda\envs\lare\Lib\site-packages\pywps\app\Process.py line=337 module=Process function=clean Removing temporary working directory: C:\develop\lare\tmp\pywps_process_1jbw3z9b
2026-03-12 15:27:53,897] [INFO] file=C:\Users\micha\.conda\envs\lare\Lib\site-packages\pywps\app\Service.py line=290 module=Service function=call Request: execute
2026-03-12 15:27:54,079] [INFO] file=C:\Users\micha\.conda\envs\lare\Lib\site-packages\pywps\validator\complexvalidator.py line=194 module=complexvalidator function=validatejson validating JSON; Mode: 0
2026-03-12 15:27:54,085] [INFO] file=C:\Users\micha\.conda\envs\lare\Lib\site-packages\pywps\app\Process.py line=337 module=Process function=clean Removing temporary working directory: C:\develop\lare\tmp\pywps_process_oas_c5zd
2026-03-12 15:28:10,134] [INFO] file=C:\Users\micha\.conda\envs\lare\Lib\site-packages\pywps\app\Service.py line=290 module=Service function=call Request: execute
2026-03-12 15:28:18,846] [INFO] file=C:\Users\micha\.conda\envs\lare\Lib\site-packages\pywps\validator\complexvalidator.py line=194 module=complexvalidator function=validatejson validating JSON; Mode: 0
2026-03-12 15:28:18,850] [INFO] file=C:\Users\micha\.conda\envs\lare\Lib\site-packages\pywps\app\Process.py line=337 module=Process function=clean Removing temporary working directory: C:\develop\lare\tmp\pywps_process_wtp_qpjq
2026-03-12 15:33:58,161] [INFO] file=C:\Users\micha\.conda\envs\lare\Lib\site-packages\pywps\app\Service.py line=290 module=Service function=call Request: execute
2026-03-12 15:33:58,346] [INFO] file=C:\Users\micha\.conda\envs\lare\Lib\site-packages\pywps\validator\complexvalidator.py line=194 module=complexvalidator function=validatejson validating JSON; Mode: 0
2026-03-12 15:33:58,352] [INFO] file=C:\Users\micha\.conda\envs\lare\Lib\site-packages\pywps\app\Process.py line=337 module=Process function=clean Removing temporary working directory: C:\develop\lare\tmp\pywps_process_kawddlwy
2026-03-12 15:34:11,861] [INFO] file=C:\Users\micha\.conda\envs\lare\Lib\site-packages\pywps\app\Service.py line=290 module=Service function=call Request: execute
2026-03-12 15:34:20,884] [INFO] file=C:\Users\micha\.conda\envs\lare\Lib\site-packages\pywps\validator\complexvalidator.py line=194 module=complexvalidator function=validatejson validating JSON; Mode: 0
2026-03-12 15:34:20,890] [INFO] file=C:\Users\micha\.conda\envs\lare\Lib\site-packages\pywps\app\Process.py line=337 module=Process function=clean Removing temporary working directory: C:\develop\lare\tmp\pywps_process_ajku6lw5
2026-03-12 15:35:19,375] [INFO] file=C:\Users\micha\.conda\envs\lare\Lib\site-packages\pywps\app\Service.py line=290 module=Service function=call Request: execute
2026-03-12 15:35:28,317] [INFO] file=C:\Users\micha\.conda\envs\lare\Lib\site-packages\pywps\validator\complexvalidator.py line=194 module=complexvalidator function=validatejson validating JSON; Mode: 0
2026-03-12 15:35:28,321] [INFO] file=C:\Users\micha\.conda\envs\lare\Lib\site-packages\pywps\app\Process.py line=337 module=Process function=clean Removing temporary working directory: C:\develop\lare\tmp\pywps_process_scf6__nj
2026-03-12 15:57:49,632] [INFO] file=C:\Users\micha\.conda\envs\lare\Lib\site-packages\pywps\app\Service.py line=290 module=Service function=call Request: execute
2026-03-12 15:57:49,795] [INFO] file=C:\Users\micha\.conda\envs\lare\Lib\site-packages\pywps\validator\complexvalidator.py line=194 module=complexvalidator function=validatejson validating JSON; Mode: 0
2026-03-12 15:57:49,797] [INFO] file=C:\Users\micha\.conda\envs\lare\Lib\site-packages\pywps\app\Process.py line=337 module=Process function=clean Removing temporary working directory: C:\develop\lare\tmp\pywps_process_paivnbvf
2026-03-12 15:58:08,465] [INFO] file=C:\Users\micha\.conda\envs\lare\Lib\site-packages\pywps\app\Service.py line=290 module=Service function=call Request: execute
2026-03-12 15:58:17,288] [INFO] file=C:\Users\micha\.conda\envs\lare\Lib\site-packages\pywps\validator\complexvalidator.py line=194 module=complexvalidator function=validatejson validating JSON; Mode: 0
2026-03-12 15:58:17,291] [INFO] file=C:\Users\micha\.conda\envs\lare\Lib\site-packages\pywps\app\Process.py line=337 module=Process function=clean Removing temporary working directory: C:\develop\lare\tmp\pywps_process_0thsk3q7
2026-03-12 15:59:58,325] [INFO] file=C:\Users\micha\.conda\envs\lare\Lib\site-packages\pywps\app\Service.py line=290 module=Service function=call Request: execute
2026-03-12 15:59:58,463] [INFO] file=C:\Users\micha\.conda\envs\lare\Lib\site-packages\pywps\validator\complexvalidator.py line=194 module=complexvalidator function=validatejson validating JSON; Mode: 0
2026-03-12 15:59:58,468] [INFO] file=C:\Users\micha\.conda\envs\lare\Lib\site-packages\pywps\app\Process.py line=337 module=Process function=clean Removing temporary working directory: C:\develop\lare\tmp\pywps_process_i0gphbvi
2026-03-12 16:00:14,333] [INFO] file=C:\Users\micha\.conda\envs\lare\Lib\site-packages\pywps\app\Service.py line=290 module=Service function=call Request: execute
2026-03-12 16:00:22,836] [INFO] file=C:\Users\micha\.conda\envs\lare\Lib\site-packages\pywps\validator\complexvalidator.py line=194 module=complexvalidator function=validatejson validating JSON; Mode: 0
2026-03-12 16:00:22,839] [INFO] file=C:\Users\micha\.conda\envs\lare\Lib\site-packages\pywps\app\Process.py line=337 module=Process function=clean Removing temporary working directory: C:\develop\lare\tmp\pywps_process_xhd823fq
2026-03-12 16:01:25,608] [INFO] file=C:\Users\micha\.conda\envs\lare\Lib\site-packages\pywps\app\Service.py line=290 module=Service function=call Request: execute
2026-03-12 16:01:34,393] [INFO] file=C:\Users\micha\.conda\envs\lare\Lib\site-packages\pywps\validator\complexvalidator.py line=194 module=complexvalidator function=validatejson validating JSON; Mode: 0
2026-03-12 16:01:34,397] [INFO] file=C:\Users\micha\.conda\envs\lare\Lib\site-packages\pywps\app\Process.py line=337 module=Process function=clean Removing temporary working directory: C:\develop\lare\tmp\pywps_process_upvzd0wv
2026-03-12 16:05:33,117] [INFO] file=C:\Users\micha\.conda\envs\lare\Lib\site-packages\pywps\app\Service.py line=290 module=Service function=call Request: execute
2026-03-12 16:05:33,211] [ERROR] file=C:\Users\micha\.conda\envs\lare\Lib\site-packages\pywps\app\Service.py line=139 module=Service function=_parse_and_execute Missing parameter value: sessionid
2026-03-12 16:05:33,212] [ERROR] file=C:\Users\micha\.conda\envs\lare\Lib\site-packages\pywps\exceptions.py line=47 module=exceptions function=__init__ Exception: code: 400, description: sessionid, locator: sessionid
NoneType: None
2026-03-12 16:06:05,810] [INFO] file=C:\Users\micha\.conda\envs\lare\Lib\site-packages\pywps\app\Service.py line=290 module=Service function=call Request: execute
2026-03-12 16:06:05,850] [INFO] file=C:\Users\micha\.conda\envs\lare\Lib\site-packages\pywps\validator\complexvalidator.py line=194 module=complexvalidator function=validatejson validating JSON; Mode: 0
2026-03-12 16:06:05,855] [INFO] file=C:\Users\micha\.conda\envs\lare\Lib\site-packages\pywps\app\Process.py line=337 module=Process function=clean Removing temporary working directory: C:\develop\lare\tmp\pywps_process_ouutax8_
2026-03-12 16:06:22,962] [INFO] file=C:\Users\micha\.conda\envs\lare\Lib\site-packages\pywps\app\Service.py line=290 module=Service function=call Request: execute
2026-03-12 16:06:32,338] [INFO] file=C:\Users\micha\.conda\envs\lare\Lib\site-packages\pywps\validator\complexvalidator.py line=194 module=complexvalidator function=validatejson validating JSON; Mode: 0
2026-03-12 16:06:32,340] [INFO] file=C:\Users\micha\.conda\envs\lare\Lib\site-packages\pywps\app\Process.py line=337 module=Process function=clean Removing temporary working directory: C:\develop\lare\tmp\pywps_process_kocml5xd
2026-03-12 16:15:01,363] [INFO] file=C:\Users\micha\.conda\envs\lare\Lib\site-packages\pywps\app\Service.py line=290 module=Service function=call Request: execute
2026-03-12 16:15:01,496] [INFO] file=C:\Users\micha\.conda\envs\lare\Lib\site-packages\pywps\validator\complexvalidator.py line=194 module=complexvalidator function=validatejson validating JSON; Mode: 0
2026-03-12 16:15:01,500] [INFO] file=C:\Users\micha\.conda\envs\lare\Lib\site-packages\pywps\app\Process.py line=337 module=Process function=clean Removing temporary working directory: C:\develop\lare\tmp\pywps_process_9q10cfy_
2026-03-12 16:15:32,879] [INFO] file=C:\Users\micha\.conda\envs\lare\Lib\site-packages\pywps\app\Service.py line=290 module=Service function=call Request: execute
2026-03-12 16:15:42,267] [INFO] file=C:\Users\micha\.conda\envs\lare\Lib\site-packages\pywps\validator\complexvalidator.py line=194 module=complexvalidator function=validatejson validating JSON; Mode: 0
2026-03-12 16:15:42,269] [INFO] file=C:\Users\micha\.conda\envs\lare\Lib\site-packages\pywps\app\Process.py line=337 module=Process function=clean Removing temporary working directory: C:\develop\lare\tmp\pywps_process_5i4und67
2026-03-12 16:16:25,602] [INFO] file=C:\Users\micha\.conda\envs\lare\Lib\site-packages\pywps\app\Service.py line=290 module=Service function=call Request: execute
2026-03-12 16:16:25,665] [ERROR] file=C:\Users\micha\.conda\envs\lare\Lib\site-packages\pywps\exceptions.py line=47 module=exceptions function=__init__ Exception: code: 400, description: Unknown process 'wps_lare_coastal', locator: Identifier
Traceback (most recent call last):
  File "C:\Users\micha\.conda\envs\lare\Lib\site-packages\pywps\app\Service.py", line 90, in prepare_process_for_execution
    process = self.processes[identifier]
              ~~~~~~~~~~~~~~^^^^^^^^^^^^
KeyError: 'wps_lare_coastal'
2026-03-12 16:18:55,673] [INFO] file=C:\Users\micha\.conda\envs\lare\Lib\site-packages\pywps\app\Service.py line=290 module=Service function=call Request: execute
2026-03-12 16:18:55,702] [INFO] file=C:\Users\micha\.conda\envs\lare\Lib\site-packages\pywps\validator\complexvalidator.py line=194 module=complexvalidator function=validatejson validating JSON; Mode: 0
2026-03-12 16:18:55,705] [INFO] file=C:\Users\micha\.conda\envs\lare\Lib\site-packages\pywps\app\Process.py line=337 module=Process function=clean Removing temporary working directory: C:\develop\lare\tmp\pywps_process_16lar_z5
2026-03-12 16:19:04,133] [INFO] file=C:\Users\micha\.conda\envs\lare\Lib\site-packages\pywps\app\Service.py line=290 module=Service function=call Request: execute
2026-03-12 16:19:04,177] [INFO] file=C:\Users\micha\.conda\envs\lare\Lib\site-packages\pywps\validator\complexvalidator.py line=194 module=complexvalidator function=validatejson validating JSON; Mode: 0
2026-03-12 16:19:04,183] [INFO] file=C:\Users\micha\.conda\envs\lare\Lib\site-packages\pywps\app\Process.py line=337 module=Process function=clean Removing temporary working directory: C:\develop\lare\tmp\pywps_process_i12kmrf8
2026-03-12 16:19:20,710] [INFO] file=C:\Users\micha\.conda\envs\lare\Lib\site-packages\pywps\app\Service.py line=290 module=Service function=call Request: execute
2026-03-12 16:19:30,003] [INFO] file=C:\Users\micha\.conda\envs\lare\Lib\site-packages\pywps\validator\complexvalidator.py line=194 module=complexvalidator function=validatejson validating JSON; Mode: 0
2026-03-12 16:19:30,006] [INFO] file=C:\Users\micha\.conda\envs\lare\Lib\site-packages\pywps\app\Process.py line=337 module=Process function=clean Removing temporary working directory: C:\develop\lare\tmp\pywps_process_6swwt9x0
2026-03-12 16:19:57,695] [INFO] file=C:\Users\micha\.conda\envs\lare\Lib\site-packages\pywps\app\Service.py line=290 module=Service function=call Request: execute
2026-03-12 16:19:58,235] [INFO] file=C:\Users\micha\.conda\envs\lare\Lib\site-packages\pywps\validator\complexvalidator.py line=194 module=complexvalidator function=validatejson validating JSON; Mode: 0
2026-03-12 16:19:58,242] [INFO] file=C:\Users\micha\.conda\envs\lare\Lib\site-packages\pywps\app\Process.py line=337 module=Process function=clean Removing temporary working directory: C:\develop\lare\tmp\pywps_process_su7ugvpd
2026-03-12 16:21:21,206] [INFO] file=C:\Users\micha\.conda\envs\lare\Lib\site-packages\pywps\app\Service.py line=290 module=Service function=call Request: execute
2026-03-12 16:21:21,280] [ERROR] file=C:\Users\micha\.conda\envs\lare\Lib\site-packages\pywps\app\Service.py line=139 module=Service function=_parse_and_execute Missing parameter value: sessionid
2026-03-12 16:21:21,281] [ERROR] file=C:\Users\micha\.conda\envs\lare\Lib\site-packages\pywps\exceptions.py line=47 module=exceptions function=__init__ Exception: code: 400, description: sessionid, locator: sessionid
NoneType: None
2026-03-12 16:21:26,269] [INFO] file=C:\Users\micha\.conda\envs\lare\Lib\site-packages\pywps\app\Service.py line=290 module=Service function=call Request: execute
2026-03-12 16:21:26,314] [INFO] file=C:\Users\micha\.conda\envs\lare\Lib\site-packages\pywps\validator\complexvalidator.py line=194 module=complexvalidator function=validatejson validating JSON; Mode: 0
2026-03-12 16:21:26,320] [INFO] file=C:\Users\micha\.conda\envs\lare\Lib\site-packages\pywps\app\Process.py line=337 module=Process function=clean Removing temporary working directory: C:\develop\lare\tmp\pywps_process_4bxqwxtj
2026-03-12 16:21:49,574] [INFO] file=C:\Users\micha\.conda\envs\lare\Lib\site-packages\pywps\app\Service.py line=290 module=Service function=call Request: execute
2026-03-12 16:21:58,727] [INFO] file=C:\Users\micha\.conda\envs\lare\Lib\site-packages\pywps\validator\complexvalidator.py line=194 module=complexvalidator function=validatejson validating JSON; Mode: 0
2026-03-12 16:21:58,730] [INFO] file=C:\Users\micha\.conda\envs\lare\Lib\site-packages\pywps\app\Process.py line=337 module=Process function=clean Removing temporary working directory: C:\develop\lare\tmp\pywps_process_ygww2gp0
2026-03-12 16:22:22,182] [INFO] file=C:\Users\micha\.conda\envs\lare\Lib\site-packages\pywps\app\Service.py line=290 module=Service function=call Request: execute
2026-03-12 16:22:48,591] [INFO] file=C:\Users\micha\.conda\envs\lare\Lib\site-packages\pywps\validator\complexvalidator.py line=194 module=complexvalidator function=validatejson validating JSON; Mode: 0
2026-03-12 16:22:48,594] [INFO] file=C:\Users\micha\.conda\envs\lare\Lib\site-packages\pywps\app\Process.py line=337 module=Process function=clean Removing temporary working directory: C:\develop\lare\tmp\pywps_process_8avohpux
2026-03-12 16:25:42,681] [INFO] file=C:\Users\micha\.conda\envs\lare\Lib\site-packages\pywps\app\Service.py line=290 module=Service function=call Request: execute
2026-03-12 16:25:58,277] [INFO] file=C:\Users\micha\.conda\envs\lare\Lib\site-packages\pywps\validator\complexvalidator.py line=194 module=complexvalidator function=validatejson validating JSON; Mode: 0
2026-03-12 16:25:58,281] [INFO] file=C:\Users\micha\.conda\envs\lare\Lib\site-packages\pywps\app\Process.py line=337 module=Process function=clean Removing temporary working directory: C:\develop\lare\tmp\pywps_process_hzy_d5w0
2026-03-12 16:27:54,926] [INFO] file=C:\Users\micha\.conda\envs\lare\Lib\site-packages\pywps\app\Service.py line=290 module=Service function=call Request: execute
2026-03-12 16:27:55,069] [INFO] file=C:\Users\micha\.conda\envs\lare\Lib\site-packages\pywps\validator\complexvalidator.py line=194 module=complexvalidator function=validatejson validating JSON; Mode: 0
2026-03-12 16:27:55,072] [INFO] file=C:\Users\micha\.conda\envs\lare\Lib\site-packages\pywps\app\Process.py line=337 module=Process function=clean Removing temporary working directory: C:\develop\lare\tmp\pywps_process_asvw8rti
2026-03-12 16:28:15,821] [INFO] file=C:\Users\micha\.conda\envs\lare\Lib\site-packages\pywps\app\Service.py line=290 module=Service function=call Request: execute
2026-03-12 16:28:24,899] [INFO] file=C:\Users\micha\.conda\envs\lare\Lib\site-packages\pywps\validator\complexvalidator.py line=194 module=complexvalidator function=validatejson validating JSON; Mode: 0
2026-03-12 16:28:24,903] [INFO] file=C:\Users\micha\.conda\envs\lare\Lib\site-packages\pywps\app\Process.py line=337 module=Process function=clean Removing temporary working directory: C:\develop\lare\tmp\pywps_process__xq5ioqc
2026-03-12 16:28:47,019] [INFO] file=C:\Users\micha\.conda\envs\lare\Lib\site-packages\pywps\app\Service.py line=290 module=Service function=call Request: execute
2026-03-12 16:29:11,742] [INFO] file=C:\Users\micha\.conda\envs\lare\Lib\site-packages\pywps\validator\complexvalidator.py line=194 module=complexvalidator function=validatejson validating JSON; Mode: 0
2026-03-12 16:29:11,745] [INFO] file=C:\Users\micha\.conda\envs\lare\Lib\site-packages\pywps\app\Process.py line=337 module=Process function=clean Removing temporary working directory: C:\develop\lare\tmp\pywps_process_us4hdfal
2026-03-12 16:32:13,274] [INFO] file=C:\Users\micha\.conda\envs\lare\Lib\site-packages\pywps\app\Service.py line=290 module=Service function=call Request: execute
2026-03-12 16:32:13,345] [ERROR] file=C:\Users\micha\.conda\envs\lare\Lib\site-packages\pywps\app\Service.py line=139 module=Service function=_parse_and_execute Missing parameter value: sessionid
2026-03-12 16:32:13,345] [ERROR] file=C:\Users\micha\.conda\envs\lare\Lib\site-packages\pywps\exceptions.py line=47 module=exceptions function=__init__ Exception: code: 400, description: sessionid, locator: sessionid
NoneType: None
2026-03-12 16:32:23,036] [INFO] file=C:\Users\micha\.conda\envs\lare\Lib\site-packages\pywps\app\Service.py line=290 module=Service function=call Request: execute
2026-03-12 16:32:23,095] [INFO] file=C:\Users\micha\.conda\envs\lare\Lib\site-packages\pywps\validator\complexvalidator.py line=194 module=complexvalidator function=validatejson validating JSON; Mode: 0
2026-03-12 16:32:23,102] [INFO] file=C:\Users\micha\.conda\envs\lare\Lib\site-packages\pywps\app\Process.py line=337 module=Process function=clean Removing temporary working directory: C:\develop\lare\tmp\pywps_process_mux5a3ig
2026-03-12 16:32:42,919] [INFO] file=C:\Users\micha\.conda\envs\lare\Lib\site-packages\pywps\app\Service.py line=290 module=Service function=call Request: execute
2026-03-12 16:32:52,157] [INFO] file=C:\Users\micha\.conda\envs\lare\Lib\site-packages\pywps\validator\complexvalidator.py line=194 module=complexvalidator function=validatejson validating JSON; Mode: 0
2026-03-12 16:32:52,160] [INFO] file=C:\Users\micha\.conda\envs\lare\Lib\site-packages\pywps\app\Process.py line=337 module=Process function=clean Removing temporary working directory: C:\develop\lare\tmp\pywps_process_zkus630p
2026-03-12 16:43:11,643] [INFO] file=C:\Users\micha\.conda\envs\lare\Lib\site-packages\pywps\app\Service.py line=290 module=Service function=call Request: execute
2026-03-12 16:43:11,765] [INFO] file=C:\Users\micha\.conda\envs\lare\Lib\site-packages\pywps\validator\complexvalidator.py line=194 module=complexvalidator function=validatejson validating JSON; Mode: 0
2026-03-12 16:43:11,769] [INFO] file=C:\Users\micha\.conda\envs\lare\Lib\site-packages\pywps\app\Process.py line=337 module=Process function=clean Removing temporary working directory: C:\develop\lare\tmp\pywps_process_hu31eic5
2026-03-12 16:43:57,576] [INFO] file=C:\Users\micha\.conda\envs\lare\Lib\site-packages\pywps\app\Service.py line=290 module=Service function=call Request: execute
2026-03-12 16:43:57,615] [INFO] file=C:\Users\micha\.conda\envs\lare\Lib\site-packages\pywps\validator\complexvalidator.py line=194 module=complexvalidator function=validatejson validating JSON; Mode: 0
2026-03-12 16:43:57,619] [INFO] file=C:\Users\micha\.conda\envs\lare\Lib\site-packages\pywps\app\Process.py line=337 module=Process function=clean Removing temporary working directory: C:\develop\lare\tmp\pywps_process_0o541bq0
2026-03-12 16:44:30,322] [INFO] file=C:\Users\micha\.conda\envs\lare\Lib\site-packages\pywps\app\Service.py line=290 module=Service function=call Request: execute
2026-03-12 16:44:39,305] [INFO] file=C:\Users\micha\.conda\envs\lare\Lib\site-packages\pywps\validator\complexvalidator.py line=194 module=complexvalidator function=validatejson validating JSON; Mode: 0
2026-03-12 16:44:39,308] [INFO] file=C:\Users\micha\.conda\envs\lare\Lib\site-packages\pywps\app\Process.py line=337 module=Process function=clean Removing temporary working directory: C:\develop\lare\tmp\pywps_process_rzh9dnqc
2026-03-12 16:45:02,914] [INFO] file=C:\Users\micha\.conda\envs\lare\Lib\site-packages\pywps\app\Service.py line=290 module=Service function=call Request: execute
2026-03-12 16:45:26,682] [INFO] file=C:\Users\micha\.conda\envs\lare\Lib\site-packages\pywps\validator\complexvalidator.py line=194 module=complexvalidator function=validatejson validating JSON; Mode: 0
2026-03-12 16:45:26,686] [INFO] file=C:\Users\micha\.conda\envs\lare\Lib\site-packages\pywps\app\Process.py line=337 module=Process function=clean Removing temporary working directory: C:\develop\lare\tmp\pywps_process_alpj6vuy
2026-03-12 16:45:57,723] [INFO] file=C:\Users\micha\.conda\envs\lare\Lib\site-packages\pywps\app\Service.py line=290 module=Service function=call Request: execute
2026-03-12 16:45:57,774] [ERROR] file=C:\Users\micha\.conda\envs\lare\Lib\site-packages\pywps\exceptions.py line=47 module=exceptions function=__init__ Exception: code: 400, description: Unknown process 'lare_uomkcs', locator: Identifier
Traceback (most recent call last):
  File "C:\Users\micha\.conda\envs\lare\Lib\site-packages\pywps\app\Service.py", line 90, in prepare_process_for_execution
    process = self.processes[identifier]
              ~~~~~~~~~~~~~~^^^^^^^^^^^^
KeyError: 'lare_uomkcs'
2026-03-12 16:46:59,865] [INFO] file=C:\Users\micha\.conda\envs\lare\Lib\site-packages\pywps\app\Service.py line=290 module=Service function=call Request: execute
2026-03-12 16:46:59,907] [INFO] file=C:\Users\micha\.conda\envs\lare\Lib\site-packages\pywps\validator\complexvalidator.py line=194 module=complexvalidator function=validatejson validating JSON; Mode: 0
2026-03-12 16:46:59,911] [INFO] file=C:\Users\micha\.conda\envs\lare\Lib\site-packages\pywps\app\Process.py line=337 module=Process function=clean Removing temporary working directory: C:\develop\lare\tmp\pywps_process_fzqc61iq
2026-03-12 16:47:00,452] [INFO] file=C:\Users\micha\.conda\envs\lare\Lib\site-packages\pywps\app\Service.py line=290 module=Service function=call Request: execute
2026-03-12 16:47:00,470] [INFO] file=C:\Users\micha\.conda\envs\lare\Lib\site-packages\pywps\validator\complexvalidator.py line=194 module=complexvalidator function=validatejson validating JSON; Mode: 0
2026-03-12 16:47:00,473] [INFO] file=C:\Users\micha\.conda\envs\lare\Lib\site-packages\pywps\app\Process.py line=337 module=Process function=clean Removing temporary working directory: C:\develop\lare\tmp\pywps_process_40izogrf
2026-03-12 16:47:13,735] [INFO] file=C:\Users\micha\.conda\envs\lare\Lib\site-packages\pywps\app\Service.py line=290 module=Service function=call Request: execute
2026-03-12 16:47:13,786] [INFO] file=C:\Users\micha\.conda\envs\lare\Lib\site-packages\pywps\validator\complexvalidator.py line=194 module=complexvalidator function=validatejson validating JSON; Mode: 0
2026-03-12 16:47:13,792] [INFO] file=C:\Users\micha\.conda\envs\lare\Lib\site-packages\pywps\app\Process.py line=337 module=Process function=clean Removing temporary working directory: C:\develop\lare\tmp\pywps_process_4e9wtx2s
2026-03-12 16:47:19,988] [INFO] file=C:\Users\micha\.conda\envs\lare\Lib\site-packages\pywps\app\Service.py line=290 module=Service function=call Request: execute
2026-03-12 16:47:20,021] [INFO] file=C:\Users\micha\.conda\envs\lare\Lib\site-packages\pywps\validator\complexvalidator.py line=194 module=complexvalidator function=validatejson validating JSON; Mode: 0
2026-03-12 16:47:20,025] [INFO] file=C:\Users\micha\.conda\envs\lare\Lib\site-packages\pywps\app\Process.py line=337 module=Process function=clean Removing temporary working directory: C:\develop\lare\tmp\pywps_process_oglxpjop
2026-03-12 16:47:45,865] [INFO] file=C:\Users\micha\.conda\envs\lare\Lib\site-packages\pywps\app\Service.py line=290 module=Service function=call Request: execute
2026-03-12 16:47:54,932] [INFO] file=C:\Users\micha\.conda\envs\lare\Lib\site-packages\pywps\validator\complexvalidator.py line=194 module=complexvalidator function=validatejson validating JSON; Mode: 0
2026-03-12 16:47:54,937] [INFO] file=C:\Users\micha\.conda\envs\lare\Lib\site-packages\pywps\app\Process.py line=337 module=Process function=clean Removing temporary working directory: C:\develop\lare\tmp\pywps_process_07vs_jt9
2026-03-12 16:48:16,139] [INFO] file=C:\Users\micha\.conda\envs\lare\Lib\site-packages\pywps\app\Service.py line=290 module=Service function=call Request: execute
2026-03-12 16:48:39,506] [INFO] file=C:\Users\micha\.conda\envs\lare\Lib\site-packages\pywps\validator\complexvalidator.py line=194 module=complexvalidator function=validatejson validating JSON; Mode: 0
2026-03-12 16:48:39,509] [INFO] file=C:\Users\micha\.conda\envs\lare\Lib\site-packages\pywps\app\Process.py line=337 module=Process function=clean Removing temporary working directory: C:\develop\lare\tmp\pywps_process_c5ykwqjr
2026-03-12 16:48:55,264] [INFO] file=C:\Users\micha\.conda\envs\lare\Lib\site-packages\pywps\app\Service.py line=290 module=Service function=call Request: execute
2026-03-12 16:48:55,442] [INFO] file=C:\Users\micha\.conda\envs\lare\Lib\site-packages\pywps\validator\complexvalidator.py line=194 module=complexvalidator function=validatejson validating JSON; Mode: 0
2026-03-12 16:48:55,445] [INFO] file=C:\Users\micha\.conda\envs\lare\Lib\site-packages\pywps\app\Process.py line=337 module=Process function=clean Removing temporary working directory: C:\develop\lare\tmp\pywps_process_zwi_xvw5
2026-03-12 16:51:29,559] [INFO] file=C:\Users\micha\.conda\envs\lare\Lib\site-packages\pywps\app\Service.py line=290 module=Service function=call Request: execute
2026-03-12 16:51:29,750] [INFO] file=C:\Users\micha\.conda\envs\lare\Lib\site-packages\pywps\validator\complexvalidator.py line=194 module=complexvalidator function=validatejson validating JSON; Mode: 0
2026-03-12 16:51:29,755] [INFO] file=C:\Users\micha\.conda\envs\lare\Lib\site-packages\pywps\app\Process.py line=337 module=Process function=clean Removing temporary working directory: C:\develop\lare\tmp\pywps_process_aa1qy_yn
2026-03-12 16:52:35,832] [INFO] file=C:\Users\micha\.conda\envs\lare\Lib\site-packages\pywps\app\Service.py line=290 module=Service function=call Request: execute
2026-03-12 16:52:35,871] [INFO] file=C:\Users\micha\.conda\envs\lare\Lib\site-packages\pywps\validator\complexvalidator.py line=194 module=complexvalidator function=validatejson validating JSON; Mode: 0
2026-03-12 16:52:35,877] [INFO] file=C:\Users\micha\.conda\envs\lare\Lib\site-packages\pywps\app\Process.py line=337 module=Process function=clean Removing temporary working directory: C:\develop\lare\tmp\pywps_process_82rxdxvp
2026-03-12 16:52:51,229] [INFO] file=C:\Users\micha\.conda\envs\lare\Lib\site-packages\pywps\app\Service.py line=290 module=Service function=call Request: execute
2026-03-12 16:52:51,265] [INFO] file=C:\Users\micha\.conda\envs\lare\Lib\site-packages\pywps\validator\complexvalidator.py line=194 module=complexvalidator function=validatejson validating JSON; Mode: 0
2026-03-12 16:52:51,269] [INFO] file=C:\Users\micha\.conda\envs\lare\Lib\site-packages\pywps\app\Process.py line=337 module=Process function=clean Removing temporary working directory: C:\develop\lare\tmp\pywps_process_3spxuybf
2026-03-12 16:53:14,642] [INFO] file=C:\Users\micha\.conda\envs\lare\Lib\site-packages\pywps\app\Service.py line=290 module=Service function=call Request: execute
2026-03-12 16:53:23,683] [INFO] file=C:\Users\micha\.conda\envs\lare\Lib\site-packages\pywps\validator\complexvalidator.py line=194 module=complexvalidator function=validatejson validating JSON; Mode: 0
2026-03-12 16:53:23,687] [INFO] file=C:\Users\micha\.conda\envs\lare\Lib\site-packages\pywps\app\Process.py line=337 module=Process function=clean Removing temporary working directory: C:\develop\lare\tmp\pywps_process__muj3qic
2026-03-12 16:53:58,020] [INFO] file=C:\Users\micha\.conda\envs\lare\Lib\site-packages\pywps\app\Service.py line=290 module=Service function=call Request: execute
2026-03-12 16:54:21,178] [INFO] file=C:\Users\micha\.conda\envs\lare\Lib\site-packages\pywps\validator\complexvalidator.py line=194 module=complexvalidator function=validatejson validating JSON; Mode: 0
2026-03-12 16:54:21,180] [INFO] file=C:\Users\micha\.conda\envs\lare\Lib\site-packages\pywps\app\Process.py line=337 module=Process function=clean Removing temporary working directory: C:\develop\lare\tmp\pywps_process_ejjlacbc
2026-03-12 16:54:42,621] [INFO] file=C:\Users\micha\.conda\envs\lare\Lib\site-packages\pywps\app\Service.py line=290 module=Service function=call Request: execute
2026-03-12 16:54:44,497] [INFO] file=C:\Users\micha\.conda\envs\lare\Lib\site-packages\pywps\validator\complexvalidator.py line=194 module=complexvalidator function=validatejson validating JSON; Mode: 0
2026-03-12 16:54:44,503] [INFO] file=C:\Users\micha\.conda\envs\lare\Lib\site-packages\pywps\app\Process.py line=337 module=Process function=clean Removing temporary working directory: C:\develop\lare\tmp\pywps_process_rq9otx8q
2026-03-13 09:04:58,944] [INFO] file=C:\Users\micha\.conda\envs\lare\Lib\site-packages\pywps\app\Service.py line=290 module=Service function=call Request: execute
2026-03-13 09:04:59,107] [INFO] file=C:\Users\micha\.conda\envs\lare\Lib\site-packages\pywps\validator\complexvalidator.py line=194 module=complexvalidator function=validatejson validating JSON; Mode: 0
2026-03-13 09:04:59,113] [INFO] file=C:\Users\micha\.conda\envs\lare\Lib\site-packages\pywps\app\Process.py line=337 module=Process function=clean Removing temporary working directory: C:\develop\lare\tmp\pywps_process_h3r2279f
2026-03-13 09:05:32,438] [INFO] file=C:\Users\micha\.conda\envs\lare\Lib\site-packages\pywps\app\Service.py line=290 module=Service function=call Request: execute
2026-03-13 09:05:36,554] [INFO] file=C:\Users\micha\.conda\envs\lare\Lib\site-packages\pywps\validator\complexvalidator.py line=194 module=complexvalidator function=validatejson validating JSON; Mode: 0
2026-03-13 09:05:36,556] [INFO] file=C:\Users\micha\.conda\envs\lare\Lib\site-packages\pywps\app\Process.py line=337 module=Process function=clean Removing temporary working directory: C:\develop\lare\tmp\pywps_process_xmhev85k
2026-03-13 09:05:55,990] [INFO] file=C:\Users\micha\.conda\envs\lare\Lib\site-packages\pywps\app\Service.py line=290 module=Service function=call Request: execute
2026-03-13 09:06:00,088] [INFO] file=C:\Users\micha\.conda\envs\lare\Lib\site-packages\pywps\validator\complexvalidator.py line=194 module=complexvalidator function=validatejson validating JSON; Mode: 0
2026-03-13 09:06:00,090] [INFO] file=C:\Users\micha\.conda\envs\lare\Lib\site-packages\pywps\app\Process.py line=337 module=Process function=clean Removing temporary working directory: C:\develop\lare\tmp\pywps_process_jy655as_
2026-03-13 09:07:14,135] [INFO] file=C:\Users\micha\.conda\envs\lare\Lib\site-packages\pywps\app\Service.py line=290 module=Service function=call Request: execute
2026-03-13 09:07:27,961] [INFO] file=C:\Users\micha\.conda\envs\lare\Lib\site-packages\pywps\validator\complexvalidator.py line=194 module=complexvalidator function=validatejson validating JSON; Mode: 0
2026-03-13 09:07:27,963] [INFO] file=C:\Users\micha\.conda\envs\lare\Lib\site-packages\pywps\app\Process.py line=337 module=Process function=clean Removing temporary working directory: C:\develop\lare\tmp\pywps_process_0qg_g0_1
2026-03-13 09:34:32,045] [INFO] file=C:\Users\micha\.conda\envs\lare\Lib\site-packages\pywps\app\Service.py line=290 module=Service function=call Request: execute
2026-03-13 09:34:32,186] [INFO] file=C:\Users\micha\.conda\envs\lare\Lib\site-packages\pywps\validator\complexvalidator.py line=194 module=complexvalidator function=validatejson validating JSON; Mode: 0
2026-03-13 09:34:32,189] [INFO] file=C:\Users\micha\.conda\envs\lare\Lib\site-packages\pywps\app\Process.py line=337 module=Process function=clean Removing temporary working directory: C:\develop\lare\tmp\pywps_process_ejwic0c2
2026-03-13 09:34:58,477] [INFO] file=C:\Users\micha\.conda\envs\lare\Lib\site-packages\pywps\app\Service.py line=290 module=Service function=call Request: execute
2026-03-13 09:35:08,217] [INFO] file=C:\Users\micha\.conda\envs\lare\Lib\site-packages\pywps\validator\complexvalidator.py line=194 module=complexvalidator function=validatejson validating JSON; Mode: 0
2026-03-13 09:35:08,221] [INFO] file=C:\Users\micha\.conda\envs\lare\Lib\site-packages\pywps\app\Process.py line=337 module=Process function=clean Removing temporary working directory: C:\develop\lare\tmp\pywps_process_43kdvph2
2026-03-13 09:41:39,476] [INFO] file=C:\Users\micha\.conda\envs\lare\Lib\site-packages\pywps\app\Service.py line=290 module=Service function=call Request: execute
2026-03-13 09:41:39,655] [INFO] file=C:\Users\micha\.conda\envs\lare\Lib\site-packages\pywps\validator\complexvalidator.py line=194 module=complexvalidator function=validatejson validating JSON; Mode: 0
2026-03-13 09:41:39,660] [INFO] file=C:\Users\micha\.conda\envs\lare\Lib\site-packages\pywps\app\Process.py line=337 module=Process function=clean Removing temporary working directory: C:\develop\lare\tmp\pywps_process_3eqk0nm5
2026-03-13 09:42:13,885] [INFO] file=C:\Users\micha\.conda\envs\lare\Lib\site-packages\pywps\app\Service.py line=290 module=Service function=call Request: execute
2026-03-13 09:42:25,314] [INFO] file=C:\Users\micha\.conda\envs\lare\Lib\site-packages\pywps\validator\complexvalidator.py line=194 module=complexvalidator function=validatejson validating JSON; Mode: 0
2026-03-13 09:42:25,316] [INFO] file=C:\Users\micha\.conda\envs\lare\Lib\site-packages\pywps\app\Process.py line=337 module=Process function=clean Removing temporary working directory: C:\develop\lare\tmp\pywps_process_l1lfd41m
2026-03-13 09:42:33,909] [INFO] file=C:\Users\micha\.conda\envs\lare\Lib\site-packages\pywps\app\Service.py line=290 module=Service function=call Request: execute
2026-03-13 09:43:10,156] [INFO] file=C:\Users\micha\.conda\envs\lare\Lib\site-packages\pywps\validator\complexvalidator.py line=194 module=complexvalidator function=validatejson validating JSON; Mode: 0
2026-03-13 09:43:10,158] [INFO] file=C:\Users\micha\.conda\envs\lare\Lib\site-packages\pywps\app\Process.py line=337 module=Process function=clean Removing temporary working directory: C:\develop\lare\tmp\pywps_process_y3exc50y
2026-03-13 09:43:23,407] [INFO] file=C:\Users\micha\.conda\envs\lare\Lib\site-packages\pywps\app\Service.py line=290 module=Service function=call Request: execute
2026-03-13 09:43:27,268] [INFO] file=C:\Users\micha\.conda\envs\lare\Lib\site-packages\pywps\validator\complexvalidator.py line=194 module=complexvalidator function=validatejson validating JSON; Mode: 0
2026-03-13 09:43:27,270] [INFO] file=C:\Users\micha\.conda\envs\lare\Lib\site-packages\pywps\app\Process.py line=337 module=Process function=clean Removing temporary working directory: C:\develop\lare\tmp\pywps_process_xkj4i0q3
2026-03-13 09:47:04,650] [INFO] file=C:\Users\micha\.conda\envs\lare\Lib\site-packages\pywps\app\Service.py line=290 module=Service function=call Request: execute
2026-03-13 09:47:08,256] [INFO] file=C:\Users\micha\.conda\envs\lare\Lib\site-packages\pywps\validator\complexvalidator.py line=194 module=complexvalidator function=validatejson validating JSON; Mode: 0
2026-03-13 09:47:08,259] [INFO] file=C:\Users\micha\.conda\envs\lare\Lib\site-packages\pywps\app\Process.py line=337 module=Process function=clean Removing temporary working directory: C:\develop\lare\tmp\pywps_process_tfuw2uns
2026-03-13 09:50:37,451] [INFO] file=C:\Users\micha\.conda\envs\lare\Lib\site-packages\pywps\app\Service.py line=290 module=Service function=call Request: execute
2026-03-13 09:50:37,720] [INFO] file=C:\Users\micha\.conda\envs\lare\Lib\site-packages\pywps\validator\complexvalidator.py line=194 module=complexvalidator function=validatejson validating JSON; Mode: 0
2026-03-13 09:50:37,727] [INFO] file=C:\Users\micha\.conda\envs\lare\Lib\site-packages\pywps\app\Process.py line=337 module=Process function=clean Removing temporary working directory: C:\develop\lare\tmp\pywps_process_13_izitq
2026-03-13 09:50:56,187] [WARNING] file=C:\Users\micha\.conda\envs\lare\Lib\site-packages\pywps\app\WPSRequest.py line=720 module=WPSRequest function=get_data_from_kvp not enough values to unpack (expected 2, got 1)
2026-03-13 09:50:56,188] [INFO] file=C:\Users\micha\.conda\envs\lare\Lib\site-packages\pywps\app\Service.py line=290 module=Service function=call Request: execute
2026-03-13 09:51:14,463] [INFO] file=C:\Users\micha\.conda\envs\lare\Lib\site-packages\pywps\validator\complexvalidator.py line=194 module=complexvalidator function=validatejson validating JSON; Mode: 0
2026-03-13 09:51:14,466] [INFO] file=C:\Users\micha\.conda\envs\lare\Lib\site-packages\pywps\app\Process.py line=337 module=Process function=clean Removing temporary working directory: C:\develop\lare\tmp\pywps_process_oecsa9dq
2026-03-13 09:51:44,979] [INFO] file=C:\Users\micha\.conda\envs\lare\Lib\site-packages\pywps\app\Service.py line=290 module=Service function=call Request: execute
2026-03-13 09:52:16,135] [INFO] file=C:\Users\micha\.conda\envs\lare\Lib\site-packages\pywps\validator\complexvalidator.py line=194 module=complexvalidator function=validatejson validating JSON; Mode: 0
2026-03-13 09:52:16,138] [INFO] file=C:\Users\micha\.conda\envs\lare\Lib\site-packages\pywps\app\Process.py line=337 module=Process function=clean Removing temporary working directory: C:\develop\lare\tmp\pywps_process_xgjcheis
2026-03-13 09:56:49,985] [INFO] file=C:\Users\micha\.conda\envs\lare\Lib\site-packages\pywps\app\Service.py line=290 module=Service function=call Request: execute
2026-03-13 09:57:14,321] [INFO] file=C:\Users\micha\.conda\envs\lare\Lib\site-packages\pywps\validator\complexvalidator.py line=194 module=complexvalidator function=validatejson validating JSON; Mode: 0
2026-03-13 09:57:14,325] [INFO] file=C:\Users\micha\.conda\envs\lare\Lib\site-packages\pywps\app\Process.py line=337 module=Process function=clean Removing temporary working directory: C:\develop\lare\tmp\pywps_process_5vdbou1e
2026-03-13 09:59:16,335] [INFO] file=C:\Users\micha\.conda\envs\lare\Lib\site-packages\pywps\app\Service.py line=290 module=Service function=call Request: execute
2026-03-13 09:59:37,532] [INFO] file=C:\Users\micha\.conda\envs\lare\Lib\site-packages\pywps\app\Service.py line=290 module=Service function=call Request: execute
2026-03-13 10:00:14,477] [INFO] file=C:\Users\micha\.conda\envs\lare\Lib\site-packages\pywps\validator\complexvalidator.py line=194 module=complexvalidator function=validatejson validating JSON; Mode: 0
2026-03-13 10:00:14,481] [INFO] file=C:\Users\micha\.conda\envs\lare\Lib\site-packages\pywps\app\Process.py line=337 module=Process function=clean Removing temporary working directory: C:\develop\lare\tmp\pywps_process_g2upi8bx
2026-03-13 10:01:26,816] [INFO] file=C:\Users\micha\.conda\envs\lare\Lib\site-packages\pywps\app\Service.py line=290 module=Service function=call Request: execute
2026-03-13 10:01:27,072] [INFO] file=C:\Users\micha\.conda\envs\lare\Lib\site-packages\pywps\validator\complexvalidator.py line=194 module=complexvalidator function=validatejson validating JSON; Mode: 0
2026-03-13 10:01:27,083] [INFO] file=C:\Users\micha\.conda\envs\lare\Lib\site-packages\pywps\app\Process.py line=337 module=Process function=clean Removing temporary working directory: C:\develop\lare\tmp\pywps_process_0r2wpiv0
2026-03-13 10:01:41,485] [WARNING] file=C:\Users\micha\.conda\envs\lare\Lib\site-packages\pywps\app\WPSRequest.py line=720 module=WPSRequest function=get_data_from_kvp not enough values to unpack (expected 2, got 1)
2026-03-13 10:01:41,485] [INFO] file=C:\Users\micha\.conda\envs\lare\Lib\site-packages\pywps\app\Service.py line=290 module=Service function=call Request: execute
2026-03-13 10:02:14,846] [INFO] file=C:\Users\micha\.conda\envs\lare\Lib\site-packages\pywps\validator\complexvalidator.py line=194 module=complexvalidator function=validatejson validating JSON; Mode: 0
2026-03-13 10:02:14,849] [INFO] file=C:\Users\micha\.conda\envs\lare\Lib\site-packages\pywps\app\Process.py line=337 module=Process function=clean Removing temporary working directory: C:\develop\lare\tmp\pywps_process_i_tx13z3
2026-03-13 10:02:57,817] [INFO] file=C:\Users\micha\.conda\envs\lare\Lib\site-packages\pywps\app\Service.py line=290 module=Service function=call Request: execute
2026-03-13 10:03:42,319] [INFO] file=C:\Users\micha\.conda\envs\lare\Lib\site-packages\pywps\validator\complexvalidator.py line=194 module=complexvalidator function=validatejson validating JSON; Mode: 0
2026-03-13 10:03:42,329] [INFO] file=C:\Users\micha\.conda\envs\lare\Lib\site-packages\pywps\app\Process.py line=337 module=Process function=clean Removing temporary working directory: C:\develop\lare\tmp\pywps_process_gjhf48lt
2026-03-13 10:04:39,982] [INFO] file=C:\Users\micha\.conda\envs\lare\Lib\site-packages\pywps\app\Service.py line=290 module=Service function=call Request: execute
2026-03-13 10:05:22,058] [INFO] file=C:\Users\micha\.conda\envs\lare\Lib\site-packages\pywps\validator\complexvalidator.py line=194 module=complexvalidator function=validatejson validating JSON; Mode: 0
2026-03-13 10:05:22,067] [INFO] file=C:\Users\micha\.conda\envs\lare\Lib\site-packages\pywps\app\Process.py line=337 module=Process function=clean Removing temporary working directory: C:\develop\lare\tmp\pywps_process_vu09r1_z
2026-03-13 10:06:10,037] [INFO] file=C:\Users\micha\.conda\envs\lare\Lib\site-packages\pywps\app\Service.py line=290 module=Service function=call Request: execute
2026-03-13 10:06:34,323] [INFO] file=C:\Users\micha\.conda\envs\lare\Lib\site-packages\pywps\validator\complexvalidator.py line=194 module=complexvalidator function=validatejson validating JSON; Mode: 0
2026-03-13 10:06:34,326] [INFO] file=C:\Users\micha\.conda\envs\lare\Lib\site-packages\pywps\app\Process.py line=337 module=Process function=clean Removing temporary working directory: C:\develop\lare\tmp\pywps_process_lbod1lrl
2026-03-13 10:06:57,969] [INFO] file=C:\Users\micha\.conda\envs\lare\Lib\site-packages\pywps\app\Service.py line=290 module=Service function=call Request: execute
2026-03-13 10:06:58,072] [INFO] file=C:\Users\micha\.conda\envs\lare\Lib\site-packages\pywps\validator\complexvalidator.py line=194 module=complexvalidator function=validatejson validating JSON; Mode: 0
2026-03-13 10:06:58,075] [INFO] file=C:\Users\micha\.conda\envs\lare\Lib\site-packages\pywps\app\Process.py line=337 module=Process function=clean Removing temporary working directory: C:\develop\lare\tmp\pywps_process_fa7wglzt
2026-03-13 10:07:06,379] [WARNING] file=C:\Users\micha\.conda\envs\lare\Lib\site-packages\pywps\app\WPSRequest.py line=720 module=WPSRequest function=get_data_from_kvp not enough values to unpack (expected 2, got 1)
2026-03-13 10:07:06,379] [INFO] file=C:\Users\micha\.conda\envs\lare\Lib\site-packages\pywps\app\Service.py line=290 module=Service function=call Request: execute
2026-03-13 10:07:23,937] [INFO] file=C:\Users\micha\.conda\envs\lare\Lib\site-packages\pywps\validator\complexvalidator.py line=194 module=complexvalidator function=validatejson validating JSON; Mode: 0
2026-03-13 10:07:23,941] [INFO] file=C:\Users\micha\.conda\envs\lare\Lib\site-packages\pywps\app\Process.py line=337 module=Process function=clean Removing temporary working directory: C:\develop\lare\tmp\pywps_process_05punnhe
2026-03-13 10:07:37,489] [INFO] file=C:\Users\micha\.conda\envs\lare\Lib\site-packages\pywps\app\Service.py line=290 module=Service function=call Request: execute
2026-03-13 10:08:07,663] [INFO] file=C:\Users\micha\.conda\envs\lare\Lib\site-packages\pywps\validator\complexvalidator.py line=194 module=complexvalidator function=validatejson validating JSON; Mode: 0
2026-03-13 10:08:07,667] [INFO] file=C:\Users\micha\.conda\envs\lare\Lib\site-packages\pywps\app\Process.py line=337 module=Process function=clean Removing temporary working directory: C:\develop\lare\tmp\pywps_process_8ez6g1o0
2026-03-13 10:08:24,816] [INFO] file=C:\Users\micha\.conda\envs\lare\Lib\site-packages\pywps\app\Service.py line=290 module=Service function=call Request: execute
2026-03-13 10:08:48,613] [INFO] file=C:\Users\micha\.conda\envs\lare\Lib\site-packages\pywps\app\Service.py line=290 module=Service function=call Request: execute
2026-03-13 10:08:54,909] [INFO] file=C:\Users\micha\.conda\envs\lare\Lib\site-packages\pywps\validator\complexvalidator.py line=194 module=complexvalidator function=validatejson validating JSON; Mode: 0
2026-03-13 10:08:54,924] [INFO] file=C:\Users\micha\.conda\envs\lare\Lib\site-packages\pywps\app\Process.py line=337 module=Process function=clean Removing temporary working directory: C:\develop\lare\tmp\pywps_process_g_sq3k_0
2026-03-13 10:12:23,617] [INFO] file=C:\Users\micha\.conda\envs\lare\Lib\site-packages\pywps\app\Service.py line=290 module=Service function=call Request: execute
2026-03-13 10:12:27,024] [INFO] file=C:\Users\micha\.conda\envs\lare\Lib\site-packages\pywps\validator\complexvalidator.py line=194 module=complexvalidator function=validatejson validating JSON; Mode: 0
2026-03-13 10:12:27,033] [INFO] file=C:\Users\micha\.conda\envs\lare\Lib\site-packages\pywps\app\Process.py line=337 module=Process function=clean Removing temporary working directory: C:\develop\lare\tmp\pywps_process_om74ybnz
2026-03-13 10:14:46,979] [INFO] file=C:\Users\micha\.conda\envs\lare\Lib\site-packages\pywps\app\Service.py line=290 module=Service function=call Request: execute
2026-03-13 10:14:55,462] [INFO] file=C:\Users\micha\.conda\envs\lare\Lib\site-packages\pywps\validator\complexvalidator.py line=194 module=complexvalidator function=validatejson validating JSON; Mode: 0
2026-03-13 10:14:55,478] [INFO] file=C:\Users\micha\.conda\envs\lare\Lib\site-packages\pywps\app\Process.py line=337 module=Process function=clean Removing temporary working directory: C:\develop\lare\tmp\pywps_process_a5nb2vec
2026-03-13 10:17:33,983] [INFO] file=C:\Users\micha\.conda\envs\lare\Lib\site-packages\pywps\app\Service.py line=290 module=Service function=call Request: execute
2026-03-13 10:17:39,337] [INFO] file=C:\Users\micha\.conda\envs\lare\Lib\site-packages\pywps\validator\complexvalidator.py line=194 module=complexvalidator function=validatejson validating JSON; Mode: 0
2026-03-13 10:17:39,349] [INFO] file=C:\Users\micha\.conda\envs\lare\Lib\site-packages\pywps\app\Process.py line=337 module=Process function=clean Removing temporary working directory: C:\develop\lare\tmp\pywps_process_2m_w638u
2026-03-13 10:19:04,181] [INFO] file=C:\Users\micha\.conda\envs\lare\Lib\site-packages\pywps\app\Service.py line=290 module=Service function=call Request: execute
2026-03-13 10:19:09,109] [ERROR] file=C:\Users\micha\.conda\envs\lare\Lib\site-packages\pywps\app\Process.py line=289 module=Process function=_run_process Process error: method=wps_lare_kcs.py._handler, line=120, msg='uomkcs'
2026-03-13 10:19:09,123] [INFO] file=C:\Users\micha\.conda\envs\lare\Lib\site-packages\pywps\app\Process.py line=337 module=Process function=clean Removing temporary working directory: C:\develop\lare\tmp\pywps_process_bndnt37v
2026-03-13 10:19:55,437] [INFO] file=C:\Users\micha\.conda\envs\lare\Lib\site-packages\pywps\app\Service.py line=290 module=Service function=call Request: execute
2026-03-13 10:20:00,240] [INFO] file=C:\Users\micha\.conda\envs\lare\Lib\site-packages\pywps\validator\complexvalidator.py line=194 module=complexvalidator function=validatejson validating JSON; Mode: 0
2026-03-13 10:20:00,253] [INFO] file=C:\Users\micha\.conda\envs\lare\Lib\site-packages\pywps\app\Process.py line=337 module=Process function=clean Removing temporary working directory: C:\develop\lare\tmp\pywps_process_2p6f0r27
2026-03-13 10:31:10,213] [INFO] file=C:\Users\micha\.conda\envs\lare\Lib\site-packages\pywps\app\Service.py line=290 module=Service function=call Request: execute
2026-03-13 10:31:17,168] [INFO] file=C:\Users\micha\.conda\envs\lare\Lib\site-packages\pywps\validator\complexvalidator.py line=194 module=complexvalidator function=validatejson validating JSON; Mode: 0
2026-03-13 10:31:17,191] [INFO] file=C:\Users\micha\.conda\envs\lare\Lib\site-packages\pywps\app\Process.py line=337 module=Process function=clean Removing temporary working directory: C:\develop\lare\tmp\pywps_process_bi1gergw
2026-03-13 10:53:05,027] [INFO] file=C:\Users\micha\.conda\envs\lare\Lib\site-packages\pywps\app\Service.py line=290 module=Service function=call Request: execute
2026-03-13 10:53:05,158] [INFO] file=C:\Users\micha\.conda\envs\lare\Lib\site-packages\pywps\validator\complexvalidator.py line=194 module=complexvalidator function=validatejson validating JSON; Mode: 0
2026-03-13 10:53:05,160] [INFO] file=C:\Users\micha\.conda\envs\lare\Lib\site-packages\pywps\app\Process.py line=337 module=Process function=clean Removing temporary working directory: C:\develop\lare\tmp\pywps_process_dgcw_kfq
2026-03-13 10:53:12,897] [WARNING] file=C:\Users\micha\.conda\envs\lare\Lib\site-packages\pywps\app\WPSRequest.py line=720 module=WPSRequest function=get_data_from_kvp not enough values to unpack (expected 2, got 1)
2026-03-13 10:53:12,897] [INFO] file=C:\Users\micha\.conda\envs\lare\Lib\site-packages\pywps\app\Service.py line=290 module=Service function=call Request: execute
2026-03-13 10:53:26,577] [INFO] file=C:\Users\micha\.conda\envs\lare\Lib\site-packages\pywps\validator\complexvalidator.py line=194 module=complexvalidator function=validatejson validating JSON; Mode: 0
2026-03-13 10:53:26,580] [INFO] file=C:\Users\micha\.conda\envs\lare\Lib\site-packages\pywps\app\Process.py line=337 module=Process function=clean Removing temporary working directory: C:\develop\lare\tmp\pywps_process_zfvwhvm3
2026-03-13 10:53:37,608] [INFO] file=C:\Users\micha\.conda\envs\lare\Lib\site-packages\pywps\app\Service.py line=290 module=Service function=call Request: execute
2026-03-13 10:54:02,546] [INFO] file=C:\Users\micha\.conda\envs\lare\Lib\site-packages\pywps\validator\complexvalidator.py line=194 module=complexvalidator function=validatejson validating JSON; Mode: 0
2026-03-13 10:54:02,549] [INFO] file=C:\Users\micha\.conda\envs\lare\Lib\site-packages\pywps\app\Process.py line=337 module=Process function=clean Removing temporary working directory: C:\develop\lare\tmp\pywps_process_7rn7vvns
2026-03-13 10:54:24,339] [INFO] file=C:\Users\micha\.conda\envs\lare\Lib\site-packages\pywps\app\Service.py line=290 module=Service function=call Request: execute
2026-03-13 10:54:43,679] [INFO] file=C:\Users\micha\.conda\envs\lare\Lib\site-packages\pywps\app\Service.py line=290 module=Service function=call Request: execute
2026-03-13 10:54:47,265] [INFO] file=C:\Users\micha\.conda\envs\lare\Lib\site-packages\pywps\validator\complexvalidator.py line=194 module=complexvalidator function=validatejson validating JSON; Mode: 0
2026-03-13 10:54:47,267] [INFO] file=C:\Users\micha\.conda\envs\lare\Lib\site-packages\pywps\app\Process.py line=337 module=Process function=clean Removing temporary working directory: C:\develop\lare\tmp\pywps_process_vmn_me_a
2026-03-13 10:59:32,473] [INFO] file=C:\Users\micha\.conda\envs\lare\Lib\site-packages\pywps\app\Service.py line=290 module=Service function=call Request: execute
2026-03-13 10:59:50,049] [INFO] file=C:\Users\micha\.conda\envs\lare\Lib\site-packages\pywps\app\Service.py line=290 module=Service function=call Request: execute
2026-03-13 10:59:52,660] [INFO] file=C:\Users\micha\.conda\envs\lare\Lib\site-packages\pywps\validator\complexvalidator.py line=194 module=complexvalidator function=validatejson validating JSON; Mode: 0
2026-03-13 10:59:52,662] [INFO] file=C:\Users\micha\.conda\envs\lare\Lib\site-packages\pywps\app\Process.py line=337 module=Process function=clean Removing temporary working directory: C:\develop\lare\tmp\pywps_process_9f1j8n0l
2026-03-13 11:01:49,180] [INFO] file=C:\Users\micha\.conda\envs\lare\Lib\site-packages\pywps\app\Service.py line=290 module=Service function=call Request: execute
2026-03-13 11:01:49,211] [INFO] file=C:\Users\micha\.conda\envs\lare\Lib\site-packages\pywps\validator\complexvalidator.py line=194 module=complexvalidator function=validatejson validating JSON; Mode: 0
2026-03-13 11:01:49,215] [INFO] file=C:\Users\micha\.conda\envs\lare\Lib\site-packages\pywps\app\Process.py line=337 module=Process function=clean Removing temporary working directory: C:\develop\lare\tmp\pywps_process_46dak9e9
2026-03-13 11:03:04,924] [INFO] file=C:\Users\micha\.conda\envs\lare\Lib\site-packages\pywps\app\Service.py line=290 module=Service function=call Request: execute
2026-03-13 11:03:04,997] [INFO] file=C:\Users\micha\.conda\envs\lare\Lib\site-packages\pywps\validator\complexvalidator.py line=194 module=complexvalidator function=validatejson validating JSON; Mode: 0
2026-03-13 11:03:04,999] [INFO] file=C:\Users\micha\.conda\envs\lare\Lib\site-packages\pywps\app\Process.py line=337 module=Process function=clean Removing temporary working directory: C:\develop\lare\tmp\pywps_process_kpqckqfb
2026-03-13 11:03:11,875] [WARNING] file=C:\Users\micha\.conda\envs\lare\Lib\site-packages\pywps\app\WPSRequest.py line=720 module=WPSRequest function=get_data_from_kvp not enough values to unpack (expected 2, got 1)
2026-03-13 11:03:11,875] [INFO] file=C:\Users\micha\.conda\envs\lare\Lib\site-packages\pywps\app\Service.py line=290 module=Service function=call Request: execute
2026-03-13 11:03:25,408] [INFO] file=C:\Users\micha\.conda\envs\lare\Lib\site-packages\pywps\validator\complexvalidator.py line=194 module=complexvalidator function=validatejson validating JSON; Mode: 0
2026-03-13 11:03:25,410] [INFO] file=C:\Users\micha\.conda\envs\lare\Lib\site-packages\pywps\app\Process.py line=337 module=Process function=clean Removing temporary working directory: C:\develop\lare\tmp\pywps_process_ec7mr1af
2026-03-13 11:03:33,602] [INFO] file=C:\Users\micha\.conda\envs\lare\Lib\site-packages\pywps\app\Service.py line=290 module=Service function=call Request: execute
2026-03-13 11:03:57,696] [INFO] file=C:\Users\micha\.conda\envs\lare\Lib\site-packages\pywps\validator\complexvalidator.py line=194 module=complexvalidator function=validatejson validating JSON; Mode: 0
2026-03-13 11:03:57,705] [INFO] file=C:\Users\micha\.conda\envs\lare\Lib\site-packages\pywps\app\Process.py line=337 module=Process function=clean Removing temporary working directory: C:\develop\lare\tmp\pywps_process_arws72dk
2026-03-13 11:04:04,244] [INFO] file=C:\Users\micha\.conda\envs\lare\Lib\site-packages\pywps\app\Service.py line=290 module=Service function=call Request: execute
2026-03-13 11:04:19,400] [INFO] file=C:\Users\micha\.conda\envs\lare\Lib\site-packages\pywps\app\Service.py line=290 module=Service function=call Request: execute
2026-03-13 11:04:23,753] [INFO] file=C:\Users\micha\.conda\envs\lare\Lib\site-packages\pywps\validator\complexvalidator.py line=194 module=complexvalidator function=validatejson validating JSON; Mode: 0
2026-03-13 11:04:23,755] [INFO] file=C:\Users\micha\.conda\envs\lare\Lib\site-packages\pywps\app\Process.py line=337 module=Process function=clean Removing temporary working directory: C:\develop\lare\tmp\pywps_process_v01sq3hr
2026-03-13 11:12:31,327] [INFO] file=C:\Users\micha\.conda\envs\lare\Lib\site-packages\pywps\app\Service.py line=290 module=Service function=call Request: execute
2026-03-13 11:12:31,380] [INFO] file=C:\Users\micha\.conda\envs\lare\Lib\site-packages\pywps\validator\complexvalidator.py line=194 module=complexvalidator function=validatejson validating JSON; Mode: 0
2026-03-13 11:12:31,382] [INFO] file=C:\Users\micha\.conda\envs\lare\Lib\site-packages\pywps\app\Process.py line=337 module=Process function=clean Removing temporary working directory: C:\develop\lare\tmp\pywps_process_a06z54vu
2026-03-13 11:15:53,053] [INFO] file=C:\Users\micha\.conda\envs\lare\Lib\site-packages\pywps\app\Service.py line=290 module=Service function=call Request: execute
2026-03-13 11:15:53,116] [INFO] file=C:\Users\micha\.conda\envs\lare\Lib\site-packages\pywps\validator\complexvalidator.py line=194 module=complexvalidator function=validatejson validating JSON; Mode: 0
2026-03-13 11:15:53,118] [INFO] file=C:\Users\micha\.conda\envs\lare\Lib\site-packages\pywps\app\Process.py line=337 module=Process function=clean Removing temporary working directory: C:\develop\lare\tmp\pywps_process_jq_9l4n5
2026-03-13 11:16:09,933] [INFO] file=C:\Users\micha\.conda\envs\lare\Lib\site-packages\pywps\app\Service.py line=290 module=Service function=call Request: execute
2026-03-13 11:16:18,714] [INFO] file=C:\Users\micha\.conda\envs\lare\Lib\site-packages\pywps\validator\complexvalidator.py line=194 module=complexvalidator function=validatejson validating JSON; Mode: 0
2026-03-13 11:16:18,715] [INFO] file=C:\Users\micha\.conda\envs\lare\Lib\site-packages\pywps\app\Process.py line=337 module=Process function=clean Removing temporary working directory: C:\develop\lare\tmp\pywps_process_7ymdwke_
2026-03-13 11:16:39,017] [INFO] file=C:\Users\micha\.conda\envs\lare\Lib\site-packages\pywps\app\Service.py line=290 module=Service function=call Request: execute
2026-03-13 11:17:00,095] [INFO] file=C:\Users\micha\.conda\envs\lare\Lib\site-packages\pywps\validator\complexvalidator.py line=194 module=complexvalidator function=validatejson validating JSON; Mode: 0
2026-03-13 11:17:00,097] [INFO] file=C:\Users\micha\.conda\envs\lare\Lib\site-packages\pywps\app\Process.py line=337 module=Process function=clean Removing temporary working directory: C:\develop\lare\tmp\pywps_process_lgydmabx
2026-03-13 11:20:34,254] [INFO] file=C:\Users\micha\.conda\envs\lare\Lib\site-packages\pywps\app\Service.py line=290 module=Service function=call Request: execute
2026-03-13 11:20:34,339] [INFO] file=C:\Users\micha\.conda\envs\lare\Lib\site-packages\pywps\validator\complexvalidator.py line=194 module=complexvalidator function=validatejson validating JSON; Mode: 0
2026-03-13 11:20:34,341] [INFO] file=C:\Users\micha\.conda\envs\lare\Lib\site-packages\pywps\app\Process.py line=337 module=Process function=clean Removing temporary working directory: C:\develop\lare\tmp\pywps_process_3k8aplto
2026-03-13 11:20:47,907] [INFO] file=C:\Users\micha\.conda\envs\lare\Lib\site-packages\pywps\app\Service.py line=290 module=Service function=call Request: execute
2026-03-13 11:20:56,687] [INFO] file=C:\Users\micha\.conda\envs\lare\Lib\site-packages\pywps\validator\complexvalidator.py line=194 module=complexvalidator function=validatejson validating JSON; Mode: 0
2026-03-13 11:20:56,691] [INFO] file=C:\Users\micha\.conda\envs\lare\Lib\site-packages\pywps\app\Process.py line=337 module=Process function=clean Removing temporary working directory: C:\develop\lare\tmp\pywps_process_s2lm0o9g
2026-03-13 11:21:12,938] [INFO] file=C:\Users\micha\.conda\envs\lare\Lib\site-packages\pywps\app\Service.py line=290 module=Service function=call Request: execute
2026-03-13 11:21:34,118] [INFO] file=C:\Users\micha\.conda\envs\lare\Lib\site-packages\pywps\validator\complexvalidator.py line=194 module=complexvalidator function=validatejson validating JSON; Mode: 0
2026-03-13 11:21:34,120] [INFO] file=C:\Users\micha\.conda\envs\lare\Lib\site-packages\pywps\app\Process.py line=337 module=Process function=clean Removing temporary working directory: C:\develop\lare\tmp\pywps_process_xoxtncqi
2026-03-13 11:21:52,647] [INFO] file=C:\Users\micha\.conda\envs\lare\Lib\site-packages\pywps\app\Service.py line=290 module=Service function=call Request: execute
2026-03-13 11:21:56,969] [INFO] file=C:\Users\micha\.conda\envs\lare\Lib\site-packages\pywps\validator\complexvalidator.py line=194 module=complexvalidator function=validatejson validating JSON; Mode: 0
2026-03-13 11:21:56,972] [INFO] file=C:\Users\micha\.conda\envs\lare\Lib\site-packages\pywps\app\Process.py line=337 module=Process function=clean Removing temporary working directory: C:\develop\lare\tmp\pywps_process_hy720fne
2026-03-13 11:24:44,374] [INFO] file=C:\Users\micha\.conda\envs\lare\Lib\site-packages\pywps\app\Service.py line=290 module=Service function=call Request: execute
2026-03-13 11:24:44,452] [INFO] file=C:\Users\micha\.conda\envs\lare\Lib\site-packages\pywps\validator\complexvalidator.py line=194 module=complexvalidator function=validatejson validating JSON; Mode: 0
2026-03-13 11:24:44,453] [INFO] file=C:\Users\micha\.conda\envs\lare\Lib\site-packages\pywps\app\Process.py line=337 module=Process function=clean Removing temporary working directory: C:\develop\lare\tmp\pywps_process_h3aigvtz
2026-03-13 11:25:51,461] [INFO] file=C:\Users\micha\.conda\envs\lare\Lib\site-packages\pywps\app\Service.py line=290 module=Service function=call Request: execute
2026-03-13 11:26:00,114] [INFO] file=C:\Users\micha\.conda\envs\lare\Lib\site-packages\pywps\validator\complexvalidator.py line=194 module=complexvalidator function=validatejson validating JSON; Mode: 0
2026-03-13 11:26:00,115] [INFO] file=C:\Users\micha\.conda\envs\lare\Lib\site-packages\pywps\app\Process.py line=337 module=Process function=clean Removing temporary working directory: C:\develop\lare\tmp\pywps_process_g1l70hn9
2026-03-13 11:26:35,532] [INFO] file=C:\Users\micha\.conda\envs\lare\Lib\site-packages\pywps\app\Service.py line=290 module=Service function=call Request: execute
2026-03-13 11:26:56,582] [INFO] file=C:\Users\micha\.conda\envs\lare\Lib\site-packages\pywps\validator\complexvalidator.py line=194 module=complexvalidator function=validatejson validating JSON; Mode: 0
2026-03-13 11:26:56,583] [INFO] file=C:\Users\micha\.conda\envs\lare\Lib\site-packages\pywps\app\Process.py line=337 module=Process function=clean Removing temporary working directory: C:\develop\lare\tmp\pywps_process_phh8xihg
2026-03-13 11:27:21,496] [INFO] file=C:\Users\micha\.conda\envs\lare\Lib\site-packages\pywps\app\Service.py line=290 module=Service function=call Request: execute
2026-03-13 11:27:25,477] [INFO] file=C:\Users\micha\.conda\envs\lare\Lib\site-packages\pywps\validator\complexvalidator.py line=194 module=complexvalidator function=validatejson validating JSON; Mode: 0
2026-03-13 11:27:25,479] [INFO] file=C:\Users\micha\.conda\envs\lare\Lib\site-packages\pywps\app\Process.py line=337 module=Process function=clean Removing temporary working directory: C:\develop\lare\tmp\pywps_process_27tz0or9
2026-03-13 11:30:58,445] [INFO] file=C:\Users\micha\.conda\envs\lare\Lib\site-packages\pywps\app\Service.py line=290 module=Service function=call Request: execute
2026-03-13 11:30:58,500] [INFO] file=C:\Users\micha\.conda\envs\lare\Lib\site-packages\pywps\validator\complexvalidator.py line=194 module=complexvalidator function=validatejson validating JSON; Mode: 0
2026-03-13 11:30:58,502] [INFO] file=C:\Users\micha\.conda\envs\lare\Lib\site-packages\pywps\app\Process.py line=337 module=Process function=clean Removing temporary working directory: C:\develop\lare\tmp\pywps_process_wvz1pb9u
2026-03-13 11:32:07,766] [INFO] file=C:\Users\micha\.conda\envs\lare\Lib\site-packages\pywps\app\Service.py line=290 module=Service function=call Request: execute
2026-03-13 11:32:16,210] [INFO] file=C:\Users\micha\.conda\envs\lare\Lib\site-packages\pywps\validator\complexvalidator.py line=194 module=complexvalidator function=validatejson validating JSON; Mode: 0
2026-03-13 11:32:16,212] [INFO] file=C:\Users\micha\.conda\envs\lare\Lib\site-packages\pywps\app\Process.py line=337 module=Process function=clean Removing temporary working directory: C:\develop\lare\tmp\pywps_process_0ai4n82z
2026-03-13 11:32:40,689] [INFO] file=C:\Users\micha\.conda\envs\lare\Lib\site-packages\pywps\app\Service.py line=290 module=Service function=call Request: execute
2026-03-13 11:33:00,495] [INFO] file=C:\Users\micha\.conda\envs\lare\Lib\site-packages\pywps\validator\complexvalidator.py line=194 module=complexvalidator function=validatejson validating JSON; Mode: 0
2026-03-13 11:33:00,499] [INFO] file=C:\Users\micha\.conda\envs\lare\Lib\site-packages\pywps\app\Process.py line=337 module=Process function=clean Removing temporary working directory: C:\develop\lare\tmp\pywps_process_6yeyv_w8
2026-03-13 11:33:19,263] [INFO] file=C:\Users\micha\.conda\envs\lare\Lib\site-packages\pywps\app\Service.py line=290 module=Service function=call Request: execute
2026-03-13 11:33:23,147] [INFO] file=C:\Users\micha\.conda\envs\lare\Lib\site-packages\pywps\validator\complexvalidator.py line=194 module=complexvalidator function=validatejson validating JSON; Mode: 0
2026-03-13 11:33:23,149] [INFO] file=C:\Users\micha\.conda\envs\lare\Lib\site-packages\pywps\app\Process.py line=337 module=Process function=clean Removing temporary working directory: C:\develop\lare\tmp\pywps_process_emiyzl9m
2026-03-13 11:35:53,547] [INFO] file=C:\Users\micha\.conda\envs\lare\Lib\site-packages\pywps\app\Service.py line=290 module=Service function=call Request: execute
2026-03-13 11:35:53,569] [ERROR] file=C:\Users\micha\.conda\envs\lare\Lib\site-packages\pywps\app\Service.py line=139 module=Service function=_parse_and_execute Missing parameter value: sessionid
2026-03-13 11:35:53,569] [ERROR] file=C:\Users\micha\.conda\envs\lare\Lib\site-packages\pywps\exceptions.py line=47 module=exceptions function=__init__ Exception: code: 400, description: sessionid, locator: sessionid
NoneType: None
2026-03-13 11:36:25,513] [INFO] file=C:\Users\micha\.conda\envs\lare\Lib\site-packages\pywps\app\Service.py line=290 module=Service function=call Request: execute
2026-03-13 11:36:25,561] [INFO] file=C:\Users\micha\.conda\envs\lare\Lib\site-packages\pywps\validator\complexvalidator.py line=194 module=complexvalidator function=validatejson validating JSON; Mode: 0
2026-03-13 11:36:25,563] [INFO] file=C:\Users\micha\.conda\envs\lare\Lib\site-packages\pywps\app\Process.py line=337 module=Process function=clean Removing temporary working directory: C:\develop\lare\tmp\pywps_process_vvmbw738
2026-03-13 11:36:34,044] [INFO] file=C:\Users\micha\.conda\envs\lare\Lib\site-packages\pywps\app\Service.py line=290 module=Service function=call Request: execute
2026-03-13 11:36:43,234] [INFO] file=C:\Users\micha\.conda\envs\lare\Lib\site-packages\pywps\validator\complexvalidator.py line=194 module=complexvalidator function=validatejson validating JSON; Mode: 0
2026-03-13 11:36:43,236] [INFO] file=C:\Users\micha\.conda\envs\lare\Lib\site-packages\pywps\app\Process.py line=337 module=Process function=clean Removing temporary working directory: C:\develop\lare\tmp\pywps_process_go54z8oq
2026-03-13 11:39:05,339] [INFO] file=C:\Users\micha\.conda\envs\lare\Lib\site-packages\pywps\app\Service.py line=290 module=Service function=call Request: execute
2026-03-13 11:39:05,398] [INFO] file=C:\Users\micha\.conda\envs\lare\Lib\site-packages\pywps\validator\complexvalidator.py line=194 module=complexvalidator function=validatejson validating JSON; Mode: 0
2026-03-13 11:39:05,400] [INFO] file=C:\Users\micha\.conda\envs\lare\Lib\site-packages\pywps\app\Process.py line=337 module=Process function=clean Removing temporary working directory: C:\develop\lare\tmp\pywps_process_vj1n_89l
2026-03-13 11:39:59,871] [INFO] file=C:\Users\micha\.conda\envs\lare\Lib\site-packages\pywps\app\Service.py line=290 module=Service function=call Request: execute
2026-03-13 11:40:08,476] [INFO] file=C:\Users\micha\.conda\envs\lare\Lib\site-packages\pywps\validator\complexvalidator.py line=194 module=complexvalidator function=validatejson validating JSON; Mode: 0
2026-03-13 11:40:08,477] [INFO] file=C:\Users\micha\.conda\envs\lare\Lib\site-packages\pywps\app\Process.py line=337 module=Process function=clean Removing temporary working directory: C:\develop\lare\tmp\pywps_process_kwgkzs5f
2026-03-13 11:40:36,565] [INFO] file=C:\Users\micha\.conda\envs\lare\Lib\site-packages\pywps\app\Service.py line=290 module=Service function=call Request: execute
2026-03-13 11:40:56,473] [INFO] file=C:\Users\micha\.conda\envs\lare\Lib\site-packages\pywps\validator\complexvalidator.py line=194 module=complexvalidator function=validatejson validating JSON; Mode: 0
2026-03-13 11:40:56,475] [INFO] file=C:\Users\micha\.conda\envs\lare\Lib\site-packages\pywps\app\Process.py line=337 module=Process function=clean Removing temporary working directory: C:\develop\lare\tmp\pywps_process_geu87cqr
2026-03-13 11:41:20,474] [INFO] file=C:\Users\micha\.conda\envs\lare\Lib\site-packages\pywps\app\Service.py line=290 module=Service function=call Request: execute
2026-03-13 11:41:24,315] [INFO] file=C:\Users\micha\.conda\envs\lare\Lib\site-packages\pywps\validator\complexvalidator.py line=194 module=complexvalidator function=validatejson validating JSON; Mode: 0
2026-03-13 11:41:24,317] [INFO] file=C:\Users\micha\.conda\envs\lare\Lib\site-packages\pywps\app\Process.py line=337 module=Process function=clean Removing temporary working directory: C:\develop\lare\tmp\pywps_process_ttpieclk
2026-03-13 12:46:44,957] [INFO] file=C:\Users\micha\.conda\envs\lare\Lib\site-packages\pywps\app\Service.py line=290 module=Service function=call Request: execute
2026-03-13 12:46:45,112] [INFO] file=C:\Users\micha\.conda\envs\lare\Lib\site-packages\pywps\validator\complexvalidator.py line=194 module=complexvalidator function=validatejson validating JSON; Mode: 0
2026-03-13 12:46:45,117] [INFO] file=C:\Users\micha\.conda\envs\lare\Lib\site-packages\pywps\app\Process.py line=337 module=Process function=clean Removing temporary working directory: C:\develop\lare\tmp\pywps_process_1b2z08rs
2026-03-13 12:50:15,745] [INFO] file=C:\Users\micha\.conda\envs\lare\Lib\site-packages\pywps\app\Service.py line=290 module=Service function=call Request: execute
2026-03-13 12:50:15,764] [INFO] file=C:\Users\micha\.conda\envs\lare\Lib\site-packages\pywps\validator\complexvalidator.py line=194 module=complexvalidator function=validatejson validating JSON; Mode: 0
2026-03-13 12:50:15,765] [INFO] file=C:\Users\micha\.conda\envs\lare\Lib\site-packages\pywps\app\Process.py line=337 module=Process function=clean Removing temporary working directory: C:\develop\lare\tmp\pywps_process_8tts002t
2026-03-13 12:50:25,546] [INFO] file=C:\Users\micha\.conda\envs\lare\Lib\site-packages\pywps\app\Service.py line=290 module=Service function=call Request: execute
2026-03-13 12:50:25,570] [INFO] file=C:\Users\micha\.conda\envs\lare\Lib\site-packages\pywps\validator\complexvalidator.py line=194 module=complexvalidator function=validatejson validating JSON; Mode: 0
2026-03-13 12:50:25,574] [INFO] file=C:\Users\micha\.conda\envs\lare\Lib\site-packages\pywps\app\Process.py line=337 module=Process function=clean Removing temporary working directory: C:\develop\lare\tmp\pywps_process_r57o5agi
2026-03-13 12:51:17,495] [INFO] file=C:\Users\micha\.conda\envs\lare\Lib\site-packages\pywps\app\Service.py line=290 module=Service function=call Request: execute
2026-03-13 12:51:27,055] [INFO] file=C:\Users\micha\.conda\envs\lare\Lib\site-packages\pywps\validator\complexvalidator.py line=194 module=complexvalidator function=validatejson validating JSON; Mode: 0
2026-03-13 12:51:27,059] [INFO] file=C:\Users\micha\.conda\envs\lare\Lib\site-packages\pywps\app\Process.py line=337 module=Process function=clean Removing temporary working directory: C:\develop\lare\tmp\pywps_process_om9bvu4v
2026-03-13 12:52:09,469] [INFO] file=C:\Users\micha\.conda\envs\lare\Lib\site-packages\pywps\app\Service.py line=290 module=Service function=call Request: execute
2026-03-13 12:52:30,080] [INFO] file=C:\Users\micha\.conda\envs\lare\Lib\site-packages\pywps\validator\complexvalidator.py line=194 module=complexvalidator function=validatejson validating JSON; Mode: 0
2026-03-13 12:52:30,083] [INFO] file=C:\Users\micha\.conda\envs\lare\Lib\site-packages\pywps\app\Process.py line=337 module=Process function=clean Removing temporary working directory: C:\develop\lare\tmp\pywps_process_z18flq6t
2026-03-13 12:53:06,844] [INFO] file=C:\Users\micha\.conda\envs\lare\Lib\site-packages\pywps\app\Service.py line=290 module=Service function=call Request: execute
2026-03-13 12:53:10,422] [INFO] file=C:\Users\micha\.conda\envs\lare\Lib\site-packages\pywps\validator\complexvalidator.py line=194 module=complexvalidator function=validatejson validating JSON; Mode: 0
2026-03-13 12:53:10,424] [INFO] file=C:\Users\micha\.conda\envs\lare\Lib\site-packages\pywps\app\Process.py line=337 module=Process function=clean Removing temporary working directory: C:\develop\lare\tmp\pywps_process_wvageh6f
2026-03-13 13:14:08,554] [INFO] file=C:\Users\micha\.conda\envs\lare\Lib\site-packages\pywps\app\Service.py line=290 module=Service function=call Request: execute
2026-03-13 13:14:08,626] [INFO] file=C:\Users\micha\.conda\envs\lare\Lib\site-packages\pywps\validator\complexvalidator.py line=194 module=complexvalidator function=validatejson validating JSON; Mode: 0
2026-03-13 13:14:08,628] [INFO] file=C:\Users\micha\.conda\envs\lare\Lib\site-packages\pywps\app\Process.py line=337 module=Process function=clean Removing temporary working directory: C:\develop\lare\tmp\pywps_process_pc83bmxk
2026-03-13 13:15:06,048] [INFO] file=C:\Users\micha\.conda\envs\lare\Lib\site-packages\pywps\app\Service.py line=290 module=Service function=call Request: execute
2026-03-13 13:15:21,964] [INFO] file=C:\Users\micha\.conda\envs\lare\Lib\site-packages\pywps\validator\complexvalidator.py line=194 module=complexvalidator function=validatejson validating JSON; Mode: 0
2026-03-13 13:15:21,988] [INFO] file=C:\Users\micha\.conda\envs\lare\Lib\site-packages\pywps\app\Process.py line=337 module=Process function=clean Removing temporary working directory: C:\develop\lare\tmp\pywps_process_c33rwvhg
2026-03-13 13:15:57,775] [INFO] file=C:\Users\micha\.conda\envs\lare\Lib\site-packages\pywps\app\Service.py line=290 module=Service function=call Request: execute
2026-03-13 13:16:21,471] [INFO] file=C:\Users\micha\.conda\envs\lare\Lib\site-packages\pywps\validator\complexvalidator.py line=194 module=complexvalidator function=validatejson validating JSON; Mode: 0
2026-03-13 13:16:21,472] [INFO] file=C:\Users\micha\.conda\envs\lare\Lib\site-packages\pywps\app\Process.py line=337 module=Process function=clean Removing temporary working directory: C:\develop\lare\tmp\pywps_process_z9fkqiev
2026-03-13 13:17:01,320] [INFO] file=C:\Users\micha\.conda\envs\lare\Lib\site-packages\pywps\app\Service.py line=290 module=Service function=call Request: execute
2026-03-13 13:17:05,011] [INFO] file=C:\Users\micha\.conda\envs\lare\Lib\site-packages\pywps\validator\complexvalidator.py line=194 module=complexvalidator function=validatejson validating JSON; Mode: 0
2026-03-13 13:17:05,014] [INFO] file=C:\Users\micha\.conda\envs\lare\Lib\site-packages\pywps\app\Process.py line=337 module=Process function=clean Removing temporary working directory: C:\develop\lare\tmp\pywps_process_mac96fkt
2026-04-02 14:46:42,778] [INFO] file=C:\Users\micha\.conda\envs\lare\Lib\site-packages\pywps\app\Service.py line=290 module=Service function=call Request: execute
2026-04-02 14:46:42,939] [INFO] file=C:\Users\micha\.conda\envs\lare\Lib\site-packages\pywps\validator\complexvalidator.py line=194 module=complexvalidator function=validatejson validating JSON; Mode: 0
2026-04-02 14:46:42,941] [INFO] file=C:\Users\micha\.conda\envs\lare\Lib\site-packages\pywps\app\Process.py line=337 module=Process function=clean Removing temporary working directory: C:\develop\lare\tmp\pywps_process_44c43s1_
2026-04-02 14:47:02,998] [WARNING] file=C:\Users\micha\.conda\envs\lare\Lib\site-packages\pywps\app\WPSRequest.py line=720 module=WPSRequest function=get_data_from_kvp not enough values to unpack (expected 2, got 1)
2026-04-02 14:47:02,998] [INFO] file=C:\Users\micha\.conda\envs\lare\Lib\site-packages\pywps\app\Service.py line=290 module=Service function=call Request: execute
2026-04-02 14:47:07,148] [INFO] file=C:\Users\micha\.conda\envs\lare\Lib\site-packages\pywps\validator\complexvalidator.py line=194 module=complexvalidator function=validatejson validating JSON; Mode: 0
2026-04-02 14:47:07,150] [INFO] file=C:\Users\micha\.conda\envs\lare\Lib\site-packages\pywps\app\Process.py line=337 module=Process function=clean Removing temporary working directory: C:\develop\lare\tmp\pywps_process_2r67zpqd
2026-04-02 14:51:31,519] [WARNING] file=C:\Users\micha\.conda\envs\lare\Lib\site-packages\pywps\app\WPSRequest.py line=720 module=WPSRequest function=get_data_from_kvp not enough values to unpack (expected 2, got 1)
2026-04-02 14:51:31,520] [INFO] file=C:\Users\micha\.conda\envs\lare\Lib\site-packages\pywps\app\Service.py line=290 module=Service function=call Request: execute
2026-04-02 14:51:35,680] [INFO] file=C:\Users\micha\.conda\envs\lare\Lib\site-packages\pywps\validator\complexvalidator.py line=194 module=complexvalidator function=validatejson validating JSON; Mode: 0
2026-04-02 14:51:35,682] [INFO] file=C:\Users\micha\.conda\envs\lare\Lib\site-packages\pywps\app\Process.py line=337 module=Process function=clean Removing temporary working directory: C:\develop\lare\tmp\pywps_process_r097gkkq
2026-04-02 14:51:43,171] [WARNING] file=C:\Users\micha\.conda\envs\lare\Lib\site-packages\pywps\app\WPSRequest.py line=720 module=WPSRequest function=get_data_from_kvp not enough values to unpack (expected 2, got 1)
2026-04-02 14:51:43,172] [INFO] file=C:\Users\micha\.conda\envs\lare\Lib\site-packages\pywps\app\Service.py line=290 module=Service function=call Request: execute
2026-04-02 14:52:03,931] [INFO] file=C:\Users\micha\.conda\envs\lare\Lib\site-packages\pywps\validator\complexvalidator.py line=194 module=complexvalidator function=validatejson validating JSON; Mode: 0
2026-04-02 14:52:03,933] [INFO] file=C:\Users\micha\.conda\envs\lare\Lib\site-packages\pywps\app\Process.py line=337 module=Process function=clean Removing temporary working directory: C:\develop\lare\tmp\pywps_process_beawxvsm
